arquivo_rel,sha256_arquivo,melhor_status,fonte_ultimo_processamento,output_tag,status_release,fonte_release,overlap_release_v1,overlap_indice_verde,nota_indice,updated_at_indice
drive-download-20260403T123335Z-3-001_145302\VOGE MONOFASICO CAP. PERMANENTE BK  1 12CV-C56A -127- 2P.pdf,f7afc38e390e7c79f82a23797d38aa08d07031c0643d36038ce82fd0e0de64e5,VERDE_SEGURO,review/extraidos_motor_cycle20_pass1_flash_lite_01_reaudit_outliers_categorized_safe_green_candidates.csv,extraidos_motor_cycle20_pass1_flash_lite_01_reaudit_outliers_categorized_safe_green,OFICIAL,INDICE_VERDE_LIMPO,false,true,INDICE_VERDE_LIMPO_CRITERIO_ORIGINAL,2026-04-30T22:31:59Z
drive-download-20260403T123335Z-3-001_145302\VOGE MONOFASICO CAP. PERMANENTE BK  1 12CV-C63A -127- 4P.pdf,8c8e5151c956326e558a03994627f632bcffcc64979233d8c836b235db8efbe7,VERDE_SEGURO,review/extraidos_motor_cycle20_pass1_flash_lite_01_reaudit_outliers_categorized_safe_green_candidates.csv,extraidos_motor_cycle20_pass1_flash_lite_01_reaudit_outliers_categorized_safe_green,OFICIAL,INDICE_VERDE_LIMPO,false,true,INDICE_VERDE_LIMPO_CRITERIO_ORIGINAL,2026-04-30T22:31:59Z
drive-download-20260403T123335Z-3-001_145302\VOGE MONOFASICO CAP. PERMANENTE BK  1 2 CV-C71B -127- 4P.pdf,aa55bdd97ac011714b6d0b45b19c223b50d7535a5d2c9b178933c1ecfc567fc0,VERDE_SEGURO,review/extraidos_motor_cycle20_pass1_flash_lite_01_reaudit_outliers_categorized_safe_green_candidates.csv,extraidos_motor_cycle20_pass1_flash_lite_01_reaudit_outliers_categorized_safe_green,OFICIAL,INDICE_VERDE_LIMPO,false,true,INDICE_VERDE_LIMPO_CRITERIO_ORIGINAL,2026-04-30T22:31:59Z
drive-download-20260403T123335Z-3-001_145302\VOGE MONOFASICO CAP. PERMANENTE BK  1 3 CV-C63B -110-220- 2P.pdf,11240b2cc641a1ebf6e269fd30d3e383405610f8ecdd2fd1cdc38a13d0769c46,VERDE_SEGURO,review/extraidos_motor_cycle20_pass1_flash_lite_01_reaudit_outliers_categorized_safe_green_candidates.csv,extraidos_motor_cycle20_pass1_flash_lite_01_reaudit_outliers_categorized_safe_green,OFICIAL,INDICE_VERDE_LIMPO,false,true,INDICE_VERDE_LIMPO_CRITERIO_ORIGINAL,2026-04-30T22:31:59Z
drive-download-20260403T123335Z-3-001_145302\VOGE MONOFASICO CAP. PERMANENTE BK  1 3 CV-C63B -127- 2P.pdf,68f3b81defaf2bd9aa916bfb9e8def06bf81d1245c7e2ae97aa96717d58fbd2e,VERDE_SEGURO,review/extraidos_motor_cycle20_pass1_flash_lite_01_reaudit_outliers_categorized_safe_green_candidates.csv,extraidos_motor_cycle20_pass1_flash_lite_01_reaudit_outliers_categorized_safe_green,OFICIAL,INDICE_VERDE_LIMPO,false,true,INDICE_VERDE_LIMPO_CRITERIO_ORIGINAL,2026-04-30T22:31:59Z
drive-download-20260403T123335Z-3-001_145302\VOGE MONOFASICO CAP. PERMANENTE BK  1 3 CV-C71A -127- 4P.pdf,fcdca8820060d775ff31dc53eea25c981b12509aa56c2eeb00cf20dc336af78b,VERDE_SEGURO,review/extraidos_motor_cycle20_pass1_flash_lite_01_reaudit_outliers_categorized_safe_green_candidates.csv,extraidos_motor_cycle20_pass1_flash_lite_01_reaudit_outliers_categorized_safe_green,OFICIAL,INDICE_VERDE_LIMPO,false,true,INDICE_VERDE_LIMPO_CRITERIO_ORIGINAL,2026-04-30T22:31:59Z
drive-download-20260403T123335Z-3-001_145302\VOGE MONOFASICO CAP. PERMANENTE BK  1 3 CV-C71C -110-220- 6P.pdf,da55a93f62cb6e78d0aba5279b535a219b0ba9846438afa75d6a9909c9534938,VERDE_SEGURO,review/extraidos_motor_cycle20_pass1_flash_lite_01_reaudit_outliers_categorized_safe_green_candidates.csv,extraidos_motor_cycle20_pass1_flash_lite_01_reaudit_outliers_categorized_safe_green,OFICIAL,INDICE_VERDE_LIMPO,false,true,INDICE_VERDE_LIMPO_CRITERIO_ORIGINAL,2026-04-30T22:31:59Z
drive-download-20260403T123335Z-3-001_145302\VOGE MONOFASICO CAP. PERMANENTE BK  1 4 CV-C63A -110-220- 2P.pdf,69179cc7566a90f257c9bc30ebccfac78e0bfc89392e8ebb12f7991f920cdfc5,VERDE_SEGURO,review/extraidos_motor_cycle20_pass1_flash_lite_01_reaudit_outliers_categorized_safe_green_candidates.csv,extraidos_motor_cycle20_pass1_flash_lite_01_reaudit_outliers_categorized_safe_green,OFICIAL,INDICE_VERDE_LIMPO,false,true,INDICE_VERDE_LIMPO_CRITERIO_ORIGINAL,2026-04-30T22:31:59Z
drive-download-20260403T123335Z-3-001_145302\VOGE MONOFASICO CAP. PERMANENTE BK  1 4 CV-C63B -127- 4P.pdf,6653e86cffe56ecc70294fdcb92652ce55d1b08a19cf854cabbbeb339ab132bf,VERDE_SEGURO,review/extraidos_motor_cycle20_pass1_flash_lite_01_reaudit_outliers_categorized_safe_green_candidates.csv,extraidos_motor_cycle20_pass1_flash_lite_01_reaudit_outliers_categorized_safe_green,OFICIAL,INDICE_VERDE_LIMPO,false,true,INDICE_VERDE_LIMPO_CRITERIO_ORIGINAL,2026-04-30T22:31:59Z
drive-download-20260403T123335Z-3-001_145302\VOGE MONOFASICO CAP. PERMANENTE BK  1 4 CV-C71B -127- 6P.pdf,f0549b9aa0e2fb4c51ad7375f5d4d4cda5e4b071a229548181de548394aa723d,VERDE_SEGURO,review/extraidos_motor_cycle20_pass1_flash_lite_01_reaudit_outliers_categorized_safe_green_candidates.csv,extraidos_motor_cycle20_pass1_flash_lite_01_reaudit_outliers_categorized_safe_green,OFICIAL,INDICE_VERDE_LIMPO,false,true,INDICE_VERDE_LIMPO_CRITERIO_ORIGINAL,2026-04-30T22:31:59Z
drive-download-20260403T123335Z-3-001_145302\VOGE MONOFASICO CAP. PERMANENTE BK  1 6 CV-C63A -127- 4P.pdf,a575d3c15af236b2c3396cb53598623c5cf2e1880151d38c931813fa94d8f68f,VERDE_SEGURO,review/extraidos_motor_cycle20_pass1_flash_lite_01_reaudit_outliers_categorized_safe_green_candidates.csv,extraidos_motor_cycle20_pass1_flash_lite_01_reaudit_outliers_categorized_safe_green,OFICIAL,INDICE_VERDE_LIMPO,false,true,INDICE_VERDE_LIMPO_CRITERIO_ORIGINAL,2026-04-30T22:31:59Z
drive-download-20260403T123335Z-3-001_145302\VOGE MONOFASICO CAP. PERMANENTE BK  1 6 CV-C71A -127- 6P.pdf,671024b3b8e6a73b168eddd4f4f5ee07d2687dbd77ef21400bffed8fcb0d1f73,VERDE_SEGURO,review/extraidos_motor_cycle20_pass1_flash_lite_01_reaudit_outliers_categorized_safe_green_candidates.csv,extraidos_motor_cycle20_pass1_flash_lite_01_reaudit_outliers_categorized_safe_green,OFICIAL,INDICE_VERDE_LIMPO,false,true,INDICE_VERDE_LIMPO_CRITERIO_ORIGINAL,2026-04-30T22:31:59Z
drive-download-20260403T123335Z-3-001_145302\VOGE MONOFASICO CAP. PERMANENTE BK  1 8 CV-C56A -110-220- 2P.pdf,1640dfac44973d51869d9be7205bd55136f183f409fa1c9600ebe3ee787acafa,VERDE_SEGURO,review/extraidos_motor_cycle20_pass1_flash_lite_01_reaudit_outliers_categorized_safe_green_candidates.csv,extraidos_motor_cycle20_pass1_flash_lite_01_reaudit_outliers_categorized_safe_green,OFICIAL,INDICE_VERDE_LIMPO,false,true,INDICE_VERDE_LIMPO_CRITERIO_ORIGINAL,2026-04-30T22:31:59Z
drive-download-20260403T123335Z-3-001_145302\VOGE MONOFASICO CAP. PERMANENTE BK  1 8 CV-C56A -127- 2P.pdf,fcc8605f6a1bc21533bc87c90c164d3ae13930baff02388262216bc78661c292,VERDE_SEGURO,review/extraidos_motor_cycle20_pass1_flash_lite_01_reaudit_outliers_categorized_safe_green_candidates.csv,extraidos_motor_cycle20_pass1_flash_lite_01_reaudit_outliers_categorized_safe_green,OFICIAL,INDICE_VERDE_LIMPO,false,true,INDICE_VERDE_LIMPO_CRITERIO_ORIGINAL,2026-04-30T22:31:59Z
drive-download-20260403T123335Z-3-001_145302\VOGE MONOFASICO CAP. PERMANENTE BK  1 8 CV-C56B -127- 4P.pdf,d08ceeef2ad79e1ca47cddb4a2347ed48ff1250e6d297afa67172d0b22534085,VERDE_SEGURO,review/extraidos_motor_cycle20_pass1_flash_lite_01_reaudit_outliers_categorized_safe_green_candidates.csv,extraidos_motor_cycle20_pass1_flash_lite_01_reaudit_outliers_categorized_safe_green,OFICIAL,INDICE_VERDE_LIMPO,false,true,INDICE_VERDE_LIMPO_CRITERIO_ORIGINAL,2026-04-30T22:31:59Z
"drive-download-20260403T123335Z-3-001_145302\VOGE MONOFASICO CAP. PERMANENTE BK  1,0 CV-C80B -127- 4P.pdf",494b1c77410277286d09e27dae843c1750e3495c8696675bf6495bc71ec6f29d,VERDE_SEGURO,review/extraidos_motor_cycle20_pass1_flash_lite_01_reaudit_outliers_categorized_safe_green_candidates.csv,extraidos_motor_cycle20_pass1_flash_lite_01_reaudit_outliers_categorized_safe_green,OFICIAL,INDICE_VERDE_LIMPO,false,true,INDICE_VERDE_LIMPO_CRITERIO_ORIGINAL,2026-04-30T22:31:59Z
"drive-download-20260403T123335Z-3-001_145302\VOGE MONOFASICO CAP. PERMANENTE BK  1,5 CV-C80B -127- 2P.pdf",4ac70a85400a807e1350295fed768eb3c3cdc454068412ef9b710d62f6cdcc62,VERDE_SEGURO,review/extraidos_motor_cycle20_pass1_flash_lite_01_reaudit_outliers_categorized_safe_green_candidates.csv,extraidos_motor_cycle20_pass1_flash_lite_01_reaudit_outliers_categorized_safe_green,OFICIAL,INDICE_VERDE_LIMPO,false,true,INDICE_VERDE_LIMPO_CRITERIO_ORIGINAL,2026-04-30T22:31:59Z
drive-download-20260403T123335Z-3-001_145302\VOGE MONOFASICO CAP. PERMANENTE BK  3 4 CV-C71B -110-220- 2P.pdf,f735f3b7316db5dc726b165541afc283463cc28d77f3176d618f3ac655473da8,VERDE_SEGURO,review/extraidos_motor_cycle20_pass1_flash_lite_02_categorized_safe_green_candidates.csv,extraidos_motor_cycle20_pass1_flash_lite_02_categorized_safe_green,OFICIAL,INDICE_VERDE_LIMPO,false,true,INDICE_VERDE_LIMPO_CRITERIO_ORIGINAL,2026-04-30T22:42:00Z
drive-download-20260403T123335Z-3-001_145302\VOGE MONOFASICO CAP. PERMANENTE BK  3 4 CV-C80A -127- 4P.pdf,1e54f45ed0581938a443dccc9ad8130b28e14ae1fcaa3b085caadc2f7badda78,VERDE_SEGURO,review/extraidos_motor_cycle20_pass1_flash_lite_02_categorized_safe_green_candidates.csv,extraidos_motor_cycle20_pass1_flash_lite_02_categorized_safe_green,OFICIAL,INDICE_VERDE_LIMPO,false,true,INDICE_VERDE_LIMPO_CRITERIO_ORIGINAL,2026-04-30T22:42:00Z
drive-download-20260403T123335Z-3-001_145302\VOGE MONOFASICO CAP. PERMANENTE BK 1 8   CV-C63B -127- 6P.pdf,23995b015feeb877053f94675fa5657ab69a0ed947494478e2452fb6b29a1334,VERDE_SEGURO,review/extraidos_motor_cycle20_pass1_flash_lite_02_categorized_safe_green_candidates.csv,extraidos_motor_cycle20_pass1_flash_lite_02_categorized_safe_green,OFICIAL,INDICE_VERDE_LIMPO,false,true,INDICE_VERDE_LIMPO_CRITERIO_ORIGINAL,2026-04-30T22:42:00Z
drive-download-20260403T123335Z-3-001_145302\VOGE MONOFASICO CAP. PERMANENTE BK 1 8  CV-CN48 -127- 6P.pdf,036b0bb731d63af9f3a20b4f061db45f9297aabf1d1290cd87c6d5b4c35694ff,VERDE_SEGURO,review/extraidos_motor_cycle20_pass1_flash_lite_02_categorized_safe_green_candidates.csv,extraidos_motor_cycle20_pass1_flash_lite_02_categorized_safe_green,OFICIAL,INDICE_VERDE_LIMPO,false,true,INDICE_VERDE_LIMPO_CRITERIO_ORIGINAL,2026-04-30T22:42:00Z
"drive-download-20260403T124026Z-3-001_224929\1,10cv 2p iec63 12 60hz 40x49.2 605012269.pdf",32baca74985b094e548e900c09928f2c8c60a917b3fcd39182cdb55af005f25d,VERDE_SEGURO,review/extraidos_motor_cycle20_pass1_flash_lite_02_categorized_safe_green_candidates.csv,extraidos_motor_cycle20_pass1_flash_lite_02_categorized_safe_green,OFICIAL,INDICE_VERDE_LIMPO,false,true,INDICE_VERDE_LIMPO_CRITERIO_ORIGINAL,2026-04-30T22:42:00Z
"drive-download-20260403T124026Z-3-001_224929\1,10cv 2p iec63r 12 60hz 40x49.40 605012079.pdf",23a879a70aaa8f3b0f4101910667124bd02a55b3a922a6832e9754f04ee38f2f,VERDE_SEGURO,review/extraidos_motor_cycle20_pass1_flash_lite_02_categorized_safe_green_candidates.csv,extraidos_motor_cycle20_pass1_flash_lite_02_categorized_safe_green,OFICIAL,INDICE_VERDE_LIMPO,false,true,INDICE_VERDE_LIMPO_CRITERIO_ORIGINAL,2026-04-30T22:42:00Z
"drive-download-20260403T124026Z-3-001_224929\1,10cv 2p shaded pole 1 60hz 30x49.4 605013198.pdf",18a46ddd404857e95e3c1f8024f07bbab41396a3e02fd9614917a6b996eb82e1,VERDE_SEGURO,review/extraidos_motor_cycle20_pass1_flash_lite_02_categorized_safe_green_candidates.csv,extraidos_motor_cycle20_pass1_flash_lite_02_categorized_safe_green,OFICIAL,INDICE_VERDE_LIMPO,false,true,INDICE_VERDE_LIMPO_CRITERIO_ORIGINAL,2026-04-30T22:42:00Z
"drive-download-20260403T124026Z-3-001_224929\1,10cv 2p shaded pole 2 60hz 30x49.4 605013191.pdf",170195bc37543e44160d3ca1167f0e63d04482f00d5b90bdec1decbb03eeb7a7,VERDE_SEGURO,review/extraidos_motor_cycle20_pass1_flash_lite_02_categorized_safe_green_candidates.csv,extraidos_motor_cycle20_pass1_flash_lite_02_categorized_safe_green,OFICIAL,INDICE_VERDE_LIMPO,false,true,INDICE_VERDE_LIMPO_CRITERIO_ORIGINAL,2026-04-30T22:42:00Z
"drive-download-20260403T124026Z-3-001_224929\1,10cv 4p iec63r 12 60hz 35x56.4 605013208.pdf",a5c63886020f1b16991d96790c5e53120e012619abaef8c8fdb26696daa7cb4d,VERDE_SEGURO,review/extraidos_motor_cycle20_pass1_flash_lite_02_categorized_safe_green_candidates.csv,extraidos_motor_cycle20_pass1_flash_lite_02_categorized_safe_green,OFICIAL,INDICE_VERDE_LIMPO,false,true,INDICE_VERDE_LIMPO_CRITERIO_ORIGINAL,2026-04-30T22:42:00Z
"drive-download-20260403T124026Z-3-001_224929\1,10cv 4p iec63r 12 60hz 56.4x35 605013176.pdf",3fd0806624ca9942a4eee4f821daa4fbc76a7fe4f041fda2f59d16bf36d2cd32,VERDE_SEGURO,review/extraidos_motor_cycle20_pass1_flash_lite_02_categorized_safe_green_candidates.csv,extraidos_motor_cycle20_pass1_flash_lite_02_categorized_safe_green,OFICIAL,INDICE_VERDE_LIMPO,false,true,INDICE_VERDE_LIMPO_CRITERIO_ORIGINAL,2026-04-30T22:42:00Z
"drive-download-20260403T124026Z-3-001_224929\1,10cv 4p shaded pole 12 60hz 30x49.4 605013165.pdf",55ba3e645c1eb41d244ec4efcf64844c534c802429501072a6b78a93366ad716,VERDE_SEGURO,review/extraidos_motor_cycle20_pass1_flash_lite_02_categorized_safe_green_candidates.csv,extraidos_motor_cycle20_pass1_flash_lite_02_categorized_safe_green,OFICIAL,INDICE_VERDE_LIMPO,false,true,INDICE_VERDE_LIMPO_CRITERIO_ORIGINAL,2026-04-30T22:42:00Z
"drive-download-20260403T124026Z-3-001_224929\1,15cv 2p nema42 2 50,60hz 20x57.9 605013136.pdf",93fa02d3fa99219a9ab509ea639cd492303509d2ab8d897204c848cb675ecbcf,VERDE_SEGURO,review/extraidos_motor_cycle20_pass1_flash_lite_02_categorized_safe_green_candidates.csv,extraidos_motor_cycle20_pass1_flash_lite_02_categorized_safe_green,OFICIAL,INDICE_VERDE_LIMPO,false,true,INDICE_VERDE_LIMPO_CRITERIO_ORIGINAL,2026-04-30T22:42:00Z
"drive-download-20260403T124026Z-3-001_224929\1,15cv 2p shaded pole 2 60hz 50x49.4 605013236.pdf",0eec8f97803a580bdeee01572b31cdd977fcd276f37cefb2f02175cc1f47d8ce,VERDE_SEGURO,review/extraidos_motor_cycle20_pass1_flash_lite_02_categorized_safe_green_candidates.csv,extraidos_motor_cycle20_pass1_flash_lite_02_categorized_safe_green,OFICIAL,INDICE_VERDE_LIMPO,false,true,INDICE_VERDE_LIMPO_CRITERIO_ORIGINAL,2026-04-30T22:42:00Z
"drive-download-20260403T124026Z-3-001_224929\1,15cv 4p iec63 2 60hz 20x56.4 605012262.pdf",903de6861f94a07adb1f8f62583f322e489c92b15da2c0176e6d4606df36fe9e,VERDE_SEGURO,review/extraidos_motor_cycle20_pass1_flash_lite_02_categorized_safe_green_candidates.csv,extraidos_motor_cycle20_pass1_flash_lite_02_categorized_safe_green,OFICIAL,INDICE_VERDE_LIMPO,false,true,INDICE_VERDE_LIMPO_CRITERIO_ORIGINAL,2026-04-30T22:42:00Z
"drive-download-20260403T124026Z-3-001_224929\1,15cv 4p iec63 2 60hz 20x56.4 605013002.pdf",93ffcaa57bcdcc8991d9d0f8fab1c8fc90a715b305352b215df19269702be958,VERDE_SEGURO,review/extraidos_motor_cycle20_pass1_flash_lite_02_categorized_safe_green_candidates.csv,extraidos_motor_cycle20_pass1_flash_lite_02_categorized_safe_green,OFICIAL,INDICE_VERDE_LIMPO,false,true,INDICE_VERDE_LIMPO_CRITERIO_ORIGINAL,2026-04-30T22:42:00Z
"drive-download-20260403T124026Z-3-001_224929\1,15cv 4p iec63 2 60hz 56.33x30 605002012.pdf",23b7ed52d0bda0b3c4d252d69a9f62cf7c60011dfef689eab11da13073dc8c67,VERDE_SEGURO,review/extraidos_motor_cycle20_pass1_flash_lite_02_categorized_safe_green_candidates.csv,extraidos_motor_cycle20_pass1_flash_lite_02_categorized_safe_green,OFICIAL,INDICE_VERDE_LIMPO,false,true,INDICE_VERDE_LIMPO_CRITERIO_ORIGINAL,2026-04-30T22:42:00Z
"drive-download-20260403T124026Z-3-001_224929\1,15cv 4p iec63mueller 1 60hz 56.4x22.5 605002047.pdf",f3911b7551cf656f0bdc60f0fb77833ca2fe190aa32d94d79541ad237d725083,VERDE_SEGURO,review/extraidos_motor_cycle20_pass1_flash_lite_03_categorized_safe_green_candidates.csv,extraidos_motor_cycle20_pass1_flash_lite_03_categorized_safe_green,OFICIAL,INDICE_VERDE_LIMPO,false,true,INDICE_VERDE_LIMPO_CRITERIO_ORIGINAL,2026-04-30T23:12:17Z
"drive-download-20260403T124026Z-3-001_224929\1,15cv 4p iec63mueller 2 50hz 56.4x30 605002043.pdf",ad305ce3be46627e0e7e91c460c0177ae31eb3885753681e9d3d45f198c63647,VERDE_SEGURO,review/extraidos_motor_cycle20_pass1_flash_lite_03_categorized_safe_green_candidates.csv,extraidos_motor_cycle20_pass1_flash_lite_03_categorized_safe_green,OFICIAL,INDICE_VERDE_LIMPO,false,true,INDICE_VERDE_LIMPO_CRITERIO_ORIGINAL,2026-04-30T23:12:17Z
"drive-download-20260403T124026Z-3-001_224929\1,15cv 4p shaded pole 12 60hz 20x49.4 605013153.pdf",589f83fb9526cd59ad8b7c904580ed891c0432e444c6d83d85f4fa62e1a5f34b,VERDE_SEGURO,review/extraidos_motor_cycle20_pass1_flash_lite_03_categorized_safe_green_candidates.csv,extraidos_motor_cycle20_pass1_flash_lite_03_categorized_safe_green,OFICIAL,INDICE_VERDE_LIMPO,false,true,INDICE_VERDE_LIMPO_CRITERIO_ORIGINAL,2026-04-30T23:12:17Z
"drive-download-20260403T124026Z-3-001_224929\1,15cv 8p iec63r 23 60hz 80x56.3 605013129.pdf",f523b46e0580d464cb17230767d887ad20274b55d82705b77505e67588d66cbd,VERDE_SEGURO,review/extraidos_motor_cycle20_pass1_flash_lite_03_categorized_safe_green_candidates.csv,extraidos_motor_cycle20_pass1_flash_lite_03_categorized_safe_green,OFICIAL,INDICE_VERDE_LIMPO,false,true,INDICE_VERDE_LIMPO_CRITERIO_ORIGINAL,2026-04-30T23:12:17Z
"drive-download-20260403T124026Z-3-001_224929\1,15cv 8p iec63r 24 60hz 80x56.33 605013120.pdf",f45e239854791c41b0e6aea6b17d0c417fd3d57eadac9dbe6bb12b3a39dbc7ae,VERDE_SEGURO,review/extraidos_motor_cycle20_pass1_flash_lite_03_categorized_safe_green_candidates.csv,extraidos_motor_cycle20_pass1_flash_lite_03_categorized_safe_green,OFICIAL,INDICE_VERDE_LIMPO,false,true,INDICE_VERDE_LIMPO_CRITERIO_ORIGINAL,2026-04-30T23:12:17Z
"drive-download-20260403T124026Z-3-001_224929\1,16cv 2p iec63r 12 60hz 25x49.4 605013038.pdf",f6d7c2e3996dd328e8fef81cd4de71a1c6f1114d0d5f1f0284dd8e5fdeb64681,VERDE_SEGURO,review/extraidos_motor_cycle20_pass1_flash_lite_03_categorized_safe_green_candidates.csv,extraidos_motor_cycle20_pass1_flash_lite_03_categorized_safe_green,OFICIAL,INDICE_VERDE_LIMPO,false,true,INDICE_VERDE_LIMPO_CRITERIO_ORIGINAL,2026-04-30T23:12:17Z
"drive-download-20260403T124026Z-3-001_224929\1,20cv 4p iec63r 2 50,60hz 20x56.4 605018026.pdf",4375c3d2c93da4ece32b203edd03c09f5fdeb5d07bcede2abe6b5c5662deeb3c,VERDE_SEGURO,review/extraidos_motor_cycle20_pass1_flash_lite_03_categorized_safe_green_candidates.csv,extraidos_motor_cycle20_pass1_flash_lite_03_categorized_safe_green,OFICIAL,INDICE_VERDE_LIMPO,false,true,INDICE_VERDE_LIMPO_CRITERIO_ORIGINAL,2026-04-30T23:12:17Z
"drive-download-20260403T124026Z-3-001_224929\1,30cv 2p iec63r 12 60hz 20x49.4 605013242.pdf",203e5afab79328da8263af941080892422b41c269115ac52ffcf507d683c96da,VERDE_SEGURO,review/extraidos_motor_cycle20_pass1_flash_lite_03_categorized_safe_green_candidates.csv,extraidos_motor_cycle20_pass1_flash_lite_03_categorized_safe_green,OFICIAL,INDICE_VERDE_LIMPO,false,true,INDICE_VERDE_LIMPO_CRITERIO_ORIGINAL,2026-04-30T23:12:17Z
"drive-download-20260403T124026Z-3-001_224929\1,30cv 2p shaded pole 12 60hz 20x49.4 605013156.pdf",52e9b581e4f29b720afc4d0ba3278949d7d7cd6f85bff8d4f7e9ce3209a60e2f,VERDE_SEGURO,review/extraidos_motor_cycle20_pass1_flash_lite_03_categorized_safe_green_candidates.csv,extraidos_motor_cycle20_pass1_flash_lite_03_categorized_safe_green,OFICIAL,INDICE_VERDE_LIMPO,false,true,INDICE_VERDE_LIMPO_CRITERIO_ORIGINAL,2026-04-30T23:12:17Z
"drive-download-20260403T124026Z-3-001_224929\1,30cv 2p shaded pole 12 60hz 20x49.4 605013177.pdf",468e08403df8636ed214f4c240271a8df045140b31f3d07cbc0e3ce00d68883b,VERDE_SEGURO,review/extraidos_motor_cycle20_pass1_flash_lite_03_categorized_safe_green_candidates.csv,extraidos_motor_cycle20_pass1_flash_lite_03_categorized_safe_green,OFICIAL,INDICE_VERDE_LIMPO,false,true,INDICE_VERDE_LIMPO_CRITERIO_ORIGINAL,2026-04-30T23:12:17Z
"drive-download-20260403T124026Z-3-001_224929\1,30cv 2p shaded pole 12 60hz 20x49.4 605013215.pdf",a1266a879b3a3eb2ff401efcd63492e99f9cc0fcc9a57512893f1d12ff1c376b,VERDE_SEGURO,review/extraidos_motor_cycle20_pass1_flash_lite_03_categorized_safe_green_candidates.csv,extraidos_motor_cycle20_pass1_flash_lite_03_categorized_safe_green,OFICIAL,INDICE_VERDE_LIMPO,false,true,INDICE_VERDE_LIMPO_CRITERIO_ORIGINAL,2026-04-30T23:12:17Z
"drive-download-20260403T124026Z-3-001_224929\1,30cv 2p shaded pole 12 60hz 30x49.4 605012259.pdf",d05afe108eeba17d2d269a8ab975691116b3973c42b9b9132bf64c314bfd8ec6,VERDE_SEGURO,review/extraidos_motor_cycle20_pass1_flash_lite_03_categorized_safe_green_candidates.csv,extraidos_motor_cycle20_pass1_flash_lite_03_categorized_safe_green,OFICIAL,INDICE_VERDE_LIMPO,false,true,INDICE_VERDE_LIMPO_CRITERIO_ORIGINAL,2026-04-30T23:12:17Z
"drive-download-20260403T124026Z-3-001_224929\1,33cv 4p nema56 12 60hz 75x97.4 605012192.pdf",91b3f5dcf2ece5e3f6211cb20ed63e18ec41b143d67215632d11a4d08a09852b,VERDE_SEGURO,review/extraidos_motor_cycle20_pass1_flash_lite_03_categorized_safe_green_candidates.csv,extraidos_motor_cycle20_pass1_flash_lite_03_categorized_safe_green,OFICIAL,INDICE_VERDE_LIMPO,false,true,INDICE_VERDE_LIMPO_CRITERIO_ORIGINAL,2026-04-30T23:12:17Z
"drive-download-20260403T124026Z-3-001_224929\1,65cv 2p iec63 1 60hz 15x55 605010001.pdf",ccf4016526e72d9dbe4b6ad3e1fdda365d377ac3afd49eb05c07807ddf06cb96,VERDE_SEGURO,review/extraidos_motor_cycle20_pass1_flash_lite_03_categorized_safe_green_candidates.csv,extraidos_motor_cycle20_pass1_flash_lite_03_categorized_safe_green,OFICIAL,INDICE_VERDE_LIMPO,false,true,INDICE_VERDE_LIMPO_CRITERIO_ORIGINAL,2026-04-30T23:12:17Z
"drive-download-20260403T124026Z-3-001_224929\1,65cv 2p iec63 1 60hz 15x56 605010004.pdf",ec56664a72397920b42cd8b3fa865a7954df860269a132f2948630f4b5d2c91b,VERDE_SEGURO,review/extraidos_motor_cycle20_pass1_flash_lite_03_categorized_safe_green_candidates.csv,extraidos_motor_cycle20_pass1_flash_lite_03_categorized_safe_green,OFICIAL,INDICE_VERDE_LIMPO,false,true,INDICE_VERDE_LIMPO_CRITERIO_ORIGINAL,2026-04-30T23:12:17Z
"drive-download-20260403T124026Z-3-001_224929\1,65cv 2p iec63 2 50,60hz 15x56 605010005.pdf",fccb47193c19da9e736ee41d547715b16d667a295e91f77b53c926d51144d3cd,VERDE_SEGURO,review/extraidos_motor_cycle20_pass1_flash_lite_03_categorized_safe_green_candidates.csv,extraidos_motor_cycle20_pass1_flash_lite_03_categorized_safe_green,OFICIAL,INDICE_VERDE_LIMPO,false,true,INDICE_VERDE_LIMPO_CRITERIO_ORIGINAL,2026-04-30T23:12:17Z
"drive-download-20260403T124026Z-3-001_224929\1,65cv 2p iec63 2 50,60hz 55x15 605010002.pdf",392131e9ee84d2e96ccb5c550bc9d47064b6e9abb8f5ff1765bec6e162b750fa,VERDE_SEGURO,review/extraidos_motor_cycle20_pass1_flash_lite_03_categorized_safe_green_candidates.csv,extraidos_motor_cycle20_pass1_flash_lite_03_categorized_safe_green,OFICIAL,INDICE_VERDE_LIMPO,false,true,INDICE_VERDE_LIMPO_CRITERIO_ORIGINAL,2026-04-30T23:12:17Z
"drive-download-20260403T124026Z-3-001_224929\1,6cv 4p iec63r 12 50,60hz 45x56.4 605012143.pdf",ad64ca862f47d0cf84350b5e4e33ff52ae78d118573960ec175e218cba12e7c5,VERDE_SEGURO,review/extraidos_motor_cycle20_pass1_flash_lite_04_categorized_safe_green_candidates.csv,extraidos_motor_cycle20_pass1_flash_lite_04_categorized_safe_green,OFICIAL,INDICE_VERDE_LIMPO,false,true,INDICE_VERDE_LIMPO_CRITERIO_ORIGINAL,2026-04-30T23:38:28Z
"drive-download-20260403T124026Z-3-001_224929\1,6cv 4p iec63r 12 60hz 40x56.4 605012225.pdf",09a7867b300badd0f59e38d685fcb1504ad3e63784d9fd4e911a385fa86c5605,VERDE_SEGURO,review/extraidos_motor_cycle20_pass1_flash_lite_04_categorized_safe_green_candidates.csv,extraidos_motor_cycle20_pass1_flash_lite_04_categorized_safe_green,OFICIAL,INDICE_VERDE_LIMPO,false,true,INDICE_VERDE_LIMPO_CRITERIO_ORIGINAL,2026-04-30T23:38:28Z
"drive-download-20260403T124026Z-3-001_224929\1,6cv 4p iec63r 12 60hz 50x56.4 605013206.pdf",8a1a2dfb574fa0c7e023f182bb268f0f2e3dc375f88480ed06c26998615dfebf,VERDE_SEGURO,review/extraidos_motor_cycle20_pass1_flash_lite_04_categorized_safe_green_candidates.csv,extraidos_motor_cycle20_pass1_flash_lite_04_categorized_safe_green,OFICIAL,INDICE_VERDE_LIMPO,false,true,INDICE_VERDE_LIMPO_CRITERIO_ORIGINAL,2026-04-30T23:38:28Z
"drive-download-20260403T124026Z-3-001_224929\1,6cv 4p iec63r 2 60hz 60x56.4 605012157.pdf",5d2ebcdc4f6390f4358bd5b2f65fa849fc3c6aa973dd6e0305dad7521adb0171,VERDE_SEGURO,review/extraidos_motor_cycle20_pass1_flash_lite_04_categorized_safe_green_candidates.csv,extraidos_motor_cycle20_pass1_flash_lite_04_categorized_safe_green,OFICIAL,INDICE_VERDE_LIMPO,false,true,INDICE_VERDE_LIMPO_CRITERIO_ORIGINAL,2026-04-30T23:38:28Z
"drive-download-20260403T124026Z-3-001_224929\1,6cv 4p nema48 12 60hz 30x81.4 605009006.pdf",8f0be34ea5c6c7d3633de4051be6e6ca96ed57248a6b02f7d0574ea9270253cc,VERDE_SEGURO,review/extraidos_motor_cycle20_pass1_flash_lite_04_categorized_safe_green_candidates.csv,extraidos_motor_cycle20_pass1_flash_lite_04_categorized_safe_green,OFICIAL,INDICE_VERDE_LIMPO,false,true,INDICE_VERDE_LIMPO_CRITERIO_ORIGINAL,2026-04-30T23:38:28Z
"drive-download-20260403T124026Z-3-001_224929\1,6cv 6p nema42 2 50,60hz 45x68 605013136.pdf",dd20dad6878a19d25626f71bfdda7a2bda4f180171b7150c3fa774adfe3b4c36,VERDE_SEGURO,review/extraidos_motor_cycle20_pass1_flash_lite_04_categorized_safe_green_candidates.csv,extraidos_motor_cycle20_pass1_flash_lite_04_categorized_safe_green,OFICIAL,INDICE_VERDE_LIMPO,false,true,INDICE_VERDE_LIMPO_CRITERIO_ORIGINAL,2026-04-30T23:38:28Z
"drive-download-20260403T124026Z-3-001_224929\1,8cv 2p iec63r 1 60hz 40x49.4 605012242.pdf",9bd35afd47d1571502f0c42d509690a12e9cbbdfb91399fc96a221a405f28d5d,VERDE_SEGURO,review/extraidos_motor_cycle20_pass1_flash_lite_04_categorized_safe_green_candidates.csv,extraidos_motor_cycle20_pass1_flash_lite_04_categorized_safe_green,OFICIAL,INDICE_VERDE_LIMPO,false,true,INDICE_VERDE_LIMPO_CRITERIO_ORIGINAL,2026-04-30T23:38:28Z
"drive-download-20260403T124026Z-3-001_224929\1,8cv 2p iec63r 12 60hz 45x49.4 605013212.pdf",31424d5185f244c0b3d0c4fc6a542a472e4e0997184ac4e5de64b9e186ed5dd1,VERDE_SEGURO,review/extraidos_motor_cycle20_pass1_flash_lite_04_categorized_safe_green_candidates.csv,extraidos_motor_cycle20_pass1_flash_lite_04_categorized_safe_green,OFICIAL,INDICE_VERDE_LIMPO,false,true,INDICE_VERDE_LIMPO_CRITERIO_ORIGINAL,2026-04-30T23:38:28Z
"drive-download-20260403T124026Z-3-001_224929\1,8cv 2p iec63r 2 50,60hz 40x49.4 605012218.pdf",c75ce9494e0242fd3eea26d1fee7f32b43b609b08d194b2f6495e36ad9357189,VERDE_SEGURO,review/extraidos_motor_cycle20_pass1_flash_lite_04_categorized_safe_green_candidates.csv,extraidos_motor_cycle20_pass1_flash_lite_04_categorized_safe_green,OFICIAL,INDICE_VERDE_LIMPO,false,true,INDICE_VERDE_LIMPO_CRITERIO_ORIGINAL,2026-04-30T23:38:28Z
"drive-download-20260403T124026Z-3-001_224929\1,8cv 2p iec63r 2 50hz 35x49.4 605016161.pdf",968e86bd8eba05ab568bfce0faf8e9f7946e13e705dc757c0c3267effc6b6638,VERDE_SEGURO,review/extraidos_motor_cycle20_pass1_flash_lite_04_categorized_safe_green_candidates.csv,extraidos_motor_cycle20_pass1_flash_lite_04_categorized_safe_green,OFICIAL,INDICE_VERDE_LIMPO,false,true,INDICE_VERDE_LIMPO_CRITERIO_ORIGINAL,2026-04-30T23:38:28Z
"drive-download-20260403T124026Z-3-001_224929\1,8cv 2p iec63r 2 60hz 35x49.4 605013222.pdf",8aa9a3f56513a6346e67f1ad97ce16854533e21b733c3a798c74b40207705c24,VERDE_SEGURO,review/extraidos_motor_cycle20_pass1_flash_lite_04_categorized_safe_green_candidates.csv,extraidos_motor_cycle20_pass1_flash_lite_04_categorized_safe_green,OFICIAL,INDICE_VERDE_LIMPO,false,true,INDICE_VERDE_LIMPO_CRITERIO_ORIGINAL,2026-04-30T23:38:28Z
"drive-download-20260403T124026Z-3-001_224929\1,8cv 2p nema42 12 60hz 30x57.9 605013164.pdf",fb15ebc7abb878cceb4e348b3575d6c27e28978255abe8cd702c140eeddc2e32,VERDE_SEGURO,review/extraidos_motor_cycle20_pass1_flash_lite_04_categorized_safe_green_candidates.csv,extraidos_motor_cycle20_pass1_flash_lite_04_categorized_safe_green,OFICIAL,INDICE_VERDE_LIMPO,false,true,INDICE_VERDE_LIMPO_CRITERIO_ORIGINAL,2026-04-30T23:38:28Z
"drive-download-20260403T124026Z-3-001_224929\1,8cv 2p nema42 12 60hz 30x57.9 605013219.pdf",32587530e4b045ce683c8fa7a50d637c69d5097b8e75703afb2216ea22c2c9fe,VERDE_SEGURO,review/extraidos_motor_cycle20_pass1_flash_lite_04_categorized_safe_green_candidates.csv,extraidos_motor_cycle20_pass1_flash_lite_04_categorized_safe_green,OFICIAL,INDICE_VERDE_LIMPO,false,true,INDICE_VERDE_LIMPO_CRITERIO_ORIGINAL,2026-04-30T23:38:28Z
"drive-download-20260403T124026Z-3-001_224929\1,8cv 2p nema42 12 60hz 35x57.9 605012111.pdf",074ab0b24099fcfff425e036b0dc1a056fa26034078862233d5d3be66cd4ca7c,VERDE_SEGURO,review/extraidos_motor_cycle20_pass1_flash_lite_04_categorized_safe_green_candidates.csv,extraidos_motor_cycle20_pass1_flash_lite_04_categorized_safe_green,OFICIAL,INDICE_VERDE_LIMPO,false,true,INDICE_VERDE_LIMPO_CRITERIO_ORIGINAL,2026-04-30T23:38:28Z
"drive-download-20260403T124026Z-3-001_224929\1,8cv 2p nema42 2 60hz 35x57.9 605013178.pdf",552f6204fbbb6e7d00f80ff854fdb85b2a72c1cb9c1417812de15d6ea4f27265,VERDE_SEGURO,review/extraidos_motor_cycle20_pass1_flash_lite_04_categorized_safe_green_candidates.csv,extraidos_motor_cycle20_pass1_flash_lite_04_categorized_safe_green,OFICIAL,INDICE_VERDE_LIMPO,false,true,INDICE_VERDE_LIMPO_CRITERIO_ORIGINAL,2026-04-30T23:38:28Z
"drive-download-20260403T124026Z-3-001_224929\1,8cv 4p iec63 2 60hz 56.4x35 605001022.pdf",ced90cf6cdf58200efc15e1be5550d1af8152435a8a99f170e4a01aed29f4dfb,VERDE_SEGURO,review/extraidos_motor_cycle20_pass1_flash_lite_04_categorized_safe_green_candidates.csv,extraidos_motor_cycle20_pass1_flash_lite_04_categorized_safe_green,OFICIAL,INDICE_VERDE_LIMPO,false,true,INDICE_VERDE_LIMPO_CRITERIO_ORIGINAL,2026-04-30T23:38:28Z
"drive-download-20260403T124026Z-3-001_224929\1,8cv 4p iec63mueller 2 60hz 56.4x25 605001079.pdf",457c52d11d1b3968c31d0074fbb6a29bf285a9cc709d25935b5cebe8d525db8e,VERDE_SEGURO,review/extraidos_motor_cycle20_pass1_flash_lite_05_categorized_safe_green_candidates.csv,extraidos_motor_cycle20_pass1_flash_lite_05_categorized_safe_green,OFICIAL,INDICE_VERDE_LIMPO,false,true,INDICE_VERDE_LIMPO_CRITERIO_ORIGINAL,2026-04-30T23:57:08Z
"drive-download-20260403T124026Z-3-001_224929\1,8cv 4p iec63r 12 60hz 40x56.4 605013207.pdf",ae7743a247a0963fbc86cd019a6598ac05d778293867766cb799cc79793a9490,VERDE_SEGURO,review/extraidos_motor_cycle20_pass1_flash_lite_05_categorized_safe_green_candidates.csv,extraidos_motor_cycle20_pass1_flash_lite_05_categorized_safe_green,OFICIAL,INDICE_VERDE_LIMPO,false,true,INDICE_VERDE_LIMPO_CRITERIO_ORIGINAL,2026-04-30T23:57:08Z
"drive-download-20260403T124026Z-3-001_224929\1,8cv 4p iec63r 12 60hz 45x56.4 605012164.pdf",83aa762fb73a655eeb1faefc95ae6e85f93ccd7d02f9052418dd6bac07bc8c0f,VERDE_SEGURO,review/extraidos_motor_cycle20_pass1_flash_lite_05_categorized_safe_green_candidates.csv,extraidos_motor_cycle20_pass1_flash_lite_05_categorized_safe_green,OFICIAL,INDICE_VERDE_LIMPO,false,true,INDICE_VERDE_LIMPO_CRITERIO_ORIGINAL,2026-04-30T23:57:08Z
"drive-download-20260403T124026Z-3-001_224929\1,8cv 4p iec63r 2 60hz 40x56.4 605012260.pdf",7a9e26c94a73d6a7f93eee1d4e27f596758442af58692c641c6f84976b59338b,VERDE_SEGURO,review/extraidos_motor_cycle20_pass1_flash_lite_05_categorized_safe_green_candidates.csv,extraidos_motor_cycle20_pass1_flash_lite_05_categorized_safe_green,OFICIAL,INDICE_VERDE_LIMPO,false,true,INDICE_VERDE_LIMPO_CRITERIO_ORIGINAL,2026-04-30T23:57:08Z
"drive-download-20260403T124026Z-3-001_224929\1,8cv 4p nema48 12 60hz 35x81.4 605013109.pdf",71984e4d95e0041bab000bafb72621621ed9cd0014827fda14ceecd670a89670,VERDE_SEGURO,review/extraidos_motor_cycle20_pass1_flash_lite_05_categorized_safe_green_candidates.csv,extraidos_motor_cycle20_pass1_flash_lite_05_categorized_safe_green,OFICIAL,INDICE_VERDE_LIMPO,false,true,INDICE_VERDE_LIMPO_CRITERIO_ORIGINAL,2026-04-30T23:57:08Z
"drive-download-20260403T124026Z-3-001_224929\1,8cv 4p nema48 12 60hz 45x81.4 605013128 r.pdf",ffbd5e25104e57b396c2b85b9e749bae0942cbc11059c466279850bfcc92924d,VERDE_SEGURO,review/extraidos_motor_cycle20_pass1_flash_lite_05_categorized_safe_green_candidates.csv,extraidos_motor_cycle20_pass1_flash_lite_05_categorized_safe_green,OFICIAL,INDICE_VERDE_LIMPO,false,true,INDICE_VERDE_LIMPO_CRITERIO_ORIGINAL,2026-04-30T23:57:08Z
"drive-download-20260403T124026Z-3-001_224929\1,8cv 4p nema48 12 60hz 45x81.4 605013128.pdf",38a8243724ff199e504f233224ed75ffebd744000f2b8bba901996d24ab1deb4,VERDE_SEGURO,review/extraidos_motor_cycle20_pass1_flash_lite_05_categorized_safe_green_candidates.csv,extraidos_motor_cycle20_pass1_flash_lite_05_categorized_safe_green,OFICIAL,INDICE_VERDE_LIMPO,false,true,INDICE_VERDE_LIMPO_CRITERIO_ORIGINAL,2026-04-30T23:57:08Z
"drive-download-20260403T124026Z-3-001_224929\1,8cv 4p nema48 12 60hz 45x81.4 605013166.pdf",76692996040eb7247a0cb3e900f2ec81cc7f97813cd3885b097bb4e1a3e04fe6,VERDE_SEGURO,review/extraidos_motor_cycle20_pass1_flash_lite_05_categorized_safe_green_candidates.csv,extraidos_motor_cycle20_pass1_flash_lite_05_categorized_safe_green,OFICIAL,INDICE_VERDE_LIMPO,false,true,INDICE_VERDE_LIMPO_CRITERIO_ORIGINAL,2026-04-30T23:57:08Z
"drive-download-20260403T124026Z-3-001_224929\1,8cv 4p shaded pole 12 60hz 30x49.4 605013183.pdf",cf9d0567d6816892da0fc19dd185e1f5598bcf7ea0e361343a320f4d1550eb10,VERDE_SEGURO,review/extraidos_motor_cycle20_pass1_flash_lite_05_categorized_safe_green_candidates.csv,extraidos_motor_cycle20_pass1_flash_lite_05_categorized_safe_green,OFICIAL,INDICE_VERDE_LIMPO,false,true,INDICE_VERDE_LIMPO_CRITERIO_ORIGINAL,2026-04-30T23:57:08Z
drive-download-20260403T124026Z-3-001_224929\1.25cv 4p nema56 12 60hz 90x97.4 605042420.pdf,9e999d9c76ff09aaf7feae88237eb2fbf5548043341b2ee978166f1e8cf21e3f,VERDE_SEGURO,review/extraidos_motor_cycle20_pass1_flash_lite_05_categorized_safe_green_candidates.csv,extraidos_motor_cycle20_pass1_flash_lite_05_categorized_safe_green,OFICIAL,INDICE_VERDE_LIMPO,false,true,INDICE_VERDE_LIMPO_CRITERIO_ORIGINAL,2026-04-30T23:57:08Z
drive-download-20260403T124026Z-3-001_224929\1.5cv 4p nema48 12 60hz 130x81.2 605084007 r.pdf,ad124d25cb9b214c39fc0124f24dce684e342f3ad32a74be91aa80a41423564a,VERDE_SEGURO,review/extraidos_motor_cycle20_pass1_flash_lite_05_categorized_safe_green_candidates.csv,extraidos_motor_cycle20_pass1_flash_lite_05_categorized_safe_green,OFICIAL,INDICE_VERDE_LIMPO,false,true,INDICE_VERDE_LIMPO_CRITERIO_ORIGINAL,2026-04-30T23:57:08Z
drive-download-20260403T124026Z-3-001_224929\1.5cv 4p nema48 12 60hz 130x81.2 605084007.pdf,2822dfa25fe5353b4118d7c3cdf8d10176a687c34b606c7b381c54b203bcbdfe,VERDE_SEGURO,review/extraidos_motor_cycle20_pass1_flash_lite_05_categorized_safe_green_candidates.csv,extraidos_motor_cycle20_pass1_flash_lite_05_categorized_safe_green,OFICIAL,INDICE_VERDE_LIMPO,false,true,INDICE_VERDE_LIMPO_CRITERIO_ORIGINAL,2026-04-30T23:57:08Z
drive-download-20260403T124026Z-3-001_224929\1.5cv 4p nema48 24 60hz 100x81.2 605013249.pdf,9ace3a5937ab6d436696b7a5072f026c008f64fd5be6168113985703519be24d,VERDE_SEGURO,review/extraidos_motor_cycle20_pass1_flash_lite_05_categorized_safe_green_candidates.csv,extraidos_motor_cycle20_pass1_flash_lite_05_categorized_safe_green,OFICIAL,INDICE_VERDE_LIMPO,false,true,INDICE_VERDE_LIMPO_CRITERIO_ORIGINAL,2026-04-30T23:57:08Z
drive-download-20260403T124026Z-3-001_224929\1.5cv 4p nema56 12 60hz 100x97.4 605012146.pdf,dbcb5e1ca3d7d0ed308de77dd041c64ca6a2f3c6d1782382cf906dd2b27a86cc,VERDE_SEGURO,review/extraidos_motor_cycle20_pass1_flash_lite_06_categorized_safe_green_candidates.csv,extraidos_motor_cycle20_pass1_flash_lite_06_categorized_safe_green,OFICIAL,INDICE_VERDE_LIMPO,false,true,INDICE_VERDE_LIMPO_CRITERIO_ORIGINAL,2026-05-01T01:00:36Z
drive-download-20260403T124026Z-3-001_224929\1.5cv 4p nema56 12 60hz 100x97.4 605012250 r.pdf,f3c4706b98827a77400047a73b503cc8c952c50e7375ee6a61ed0b2f6d97480d,VERDE_SEGURO,review/extraidos_motor_cycle20_pass1_flash_lite_06_categorized_safe_green_candidates.csv,extraidos_motor_cycle20_pass1_flash_lite_06_categorized_safe_green,OFICIAL,INDICE_VERDE_LIMPO,false,true,INDICE_VERDE_LIMPO_CRITERIO_ORIGINAL,2026-05-01T01:00:36Z
drive-download-20260403T124026Z-3-001_224929\1.5cv 4p nema56 12 60hz 100x97.4 605012250.pdf,61501c6f4326d3cf254171658e553824fd6f0ed4f282aecf0a5a40f58153858f,VERDE_SEGURO,review/extraidos_motor_cycle20_pass1_flash_lite_06_categorized_safe_green_candidates.csv,extraidos_motor_cycle20_pass1_flash_lite_06_categorized_safe_green,OFICIAL,INDICE_VERDE_LIMPO,false,true,INDICE_VERDE_LIMPO_CRITERIO_ORIGINAL,2026-05-01T01:00:36Z
drive-download-20260403T124026Z-3-001_224929\1.5cv 4p nema56 12 60hz 100x97.4 605013159.pdf,ad85d6069f352cd72c0a946ae5c10c7df81f61287ad01067e7e24b32a0c0860d,VERDE_SEGURO,review/extraidos_motor_cycle20_pass1_flash_lite_06_categorized_safe_green_candidates.csv,extraidos_motor_cycle20_pass1_flash_lite_06_categorized_safe_green,OFICIAL,INDICE_VERDE_LIMPO,false,true,INDICE_VERDE_LIMPO_CRITERIO_ORIGINAL,2026-05-01T01:00:36Z
drive-download-20260403T124026Z-3-001_224929\1.5cv 4p nema56 24 60hz 100x97.4 605012187.pdf,927b37c31e436d750c9ba26ba813296baf1f02f69202aac8c0ff6ae72cccff3b,VERDE_SEGURO,review/extraidos_motor_cycle20_pass1_flash_lite_06_categorized_safe_green_candidates.csv,extraidos_motor_cycle20_pass1_flash_lite_06_categorized_safe_green,OFICIAL,INDICE_VERDE_LIMPO,false,true,INDICE_VERDE_LIMPO_CRITERIO_ORIGINAL,2026-05-01T01:00:36Z
drive-download-20260403T124026Z-3-001_224929\1.5cv 4p nema56 24 60hz 100x97.4 605013097.pdf,3e63bf27c87916fee0d6e089751e11ce48c2665729ffc3750d816c066c8fce5e,VERDE_SEGURO,review/extraidos_motor_cycle20_pass1_flash_lite_06_categorized_safe_green_candidates.csv,extraidos_motor_cycle20_pass1_flash_lite_06_categorized_safe_green,OFICIAL,INDICE_VERDE_LIMPO,false,true,INDICE_VERDE_LIMPO_CRITERIO_ORIGINAL,2026-05-01T01:00:36Z
drive-download-20260403T124026Z-3-001_224929\1.5cv 6p iec90 234 60hz 110x89.4 605072707 r.pdf,27e147d8f9cfc6b79235f6a008e513f77709f115228096b5612c27aabde8fa02,VERDE_SEGURO,review/extraidos_motor_cycle20_pass1_flash_lite_06_categorized_safe_green_candidates.csv,extraidos_motor_cycle20_pass1_flash_lite_06_categorized_safe_green,OFICIAL,INDICE_VERDE_LIMPO,false,true,INDICE_VERDE_LIMPO_CRITERIO_ORIGINAL,2026-05-01T01:00:36Z
drive-download-20260403T124026Z-3-001_224929\1.5cv 6p iec90 234 60hz 110x89.4 605072707.pdf,b87c663e994f96ff5efb54354f8263743dca6b1a141c404e14c3dafe20195216,VERDE_SEGURO,review/extraidos_motor_cycle20_pass1_flash_lite_06_categorized_safe_green_candidates.csv,extraidos_motor_cycle20_pass1_flash_lite_06_categorized_safe_green,OFICIAL,INDICE_VERDE_LIMPO,false,true,INDICE_VERDE_LIMPO_CRITERIO_ORIGINAL,2026-05-01T01:00:36Z
drive-download-20260403T124026Z-3-001_224929\10cv 6p iec132 234 60hz 148.6x170 605072714.pdf,39c9616245fa69e02aa4ef41004ae501ce310e08db9669310fa9118c32b72d83,VERDE_SEGURO,review/extraidos_motor_cycle20_pass1_flash_lite_06_categorized_safe_green_candidates.csv,extraidos_motor_cycle20_pass1_flash_lite_06_categorized_safe_green,OFICIAL,INDICE_VERDE_LIMPO,false,true,INDICE_VERDE_LIMPO_CRITERIO_ORIGINAL,2026-05-01T01:00:36Z
"drive-download-20260403T124026Z-3-001_224929\1cv 4p nema48 12 50,60hz 75x81.4 605042254.pdf",ded6c247a848e155fabad18084f0eb972fbe4532c8ede7d9de2a3b0eb56539ef,VERDE_SEGURO,review/extraidos_motor_cycle20_pass1_flash_lite_07_categorized_safe_green_candidates.csv,extraidos_motor_cycle20_pass1_flash_lite_07_categorized_safe_green,OFICIAL,INDICE_VERDE_LIMPO,false,true,INDICE_VERDE_LIMPO_CRITERIO_ORIGINAL,2026-05-01T22:07:28Z
drive-download-20260403T124026Z-3-001_224929\1cv 4p nema48 12 50.60hz 75x81.4 605042197.pdf,468d06b4c027a906371ade78f0aa455dd4f01638372c96f7aa8880b2b2cef5f7,VERDE_SEGURO,review/extraidos_motor_cycle20_pass1_flash_lite_07_categorized_safe_green_candidates.csv,extraidos_motor_cycle20_pass1_flash_lite_07_categorized_safe_green,OFICIAL,INDICE_VERDE_LIMPO,false,true,INDICE_VERDE_LIMPO_CRITERIO_ORIGINAL,2026-05-01T22:07:28Z
drive-download-20260403T124026Z-3-001_224929\1cv 4p nema48 12 60hz 75x81.4 605012195.pdf,d9c2e7551de76eccb41f2b0b3b6b354baa601b2aa0c41be772e9b28fb809de6b,VERDE_SEGURO,review/extraidos_motor_cycle20_pass1_flash_lite_07_categorized_safe_green_candidates.csv,extraidos_motor_cycle20_pass1_flash_lite_07_categorized_safe_green,OFICIAL,INDICE_VERDE_LIMPO,false,true,INDICE_VERDE_LIMPO_CRITERIO_ORIGINAL,2026-05-01T22:07:28Z
"drive-download-20260403T124026Z-3-001_224929\1cv 4p nema56 12 50,60hz 65x97.4 605012121.pdf",8c5a270f3b5f13e3402f458f4a02b0999dda52c452af254aa323c5dd3efe7b70,VERDE_SEGURO,review/extraidos_motor_cycle20_pass1_flash_lite_07_categorized_safe_green_candidates.csv,extraidos_motor_cycle20_pass1_flash_lite_07_categorized_safe_green,OFICIAL,INDICE_VERDE_LIMPO,false,true,INDICE_VERDE_LIMPO_CRITERIO_ORIGINAL,2026-05-01T22:07:28Z
"drive-download-20260403T124026Z-3-001_224929\1cv 4p nema56 12 50,60hz 65x97.4 605012130.pdf",7f0fbf7eb81eaa5fa27e4341d1783ea3b413f8f496d42f7eaec7830c9c52bd9e,VERDE_SEGURO,review/extraidos_motor_cycle20_pass1_flash_lite_07_categorized_safe_green_candidates.csv,extraidos_motor_cycle20_pass1_flash_lite_07_categorized_safe_green,OFICIAL,INDICE_VERDE_LIMPO,false,true,INDICE_VERDE_LIMPO_CRITERIO_ORIGINAL,2026-05-01T22:07:28Z
"drive-download-20260403T124026Z-3-001_224929\1cv 4p nema56 12 50,60hz 65x97.4 605012131.pdf",6cb965e8236e29827ff63f2160db3c0e9299b5d92a8814a2b96f1bbc052c8c75,VERDE_SEGURO,review/extraidos_motor_cycle20_pass1_flash_lite_07_categorized_safe_green_candidates.csv,extraidos_motor_cycle20_pass1_flash_lite_07_categorized_safe_green,OFICIAL,INDICE_VERDE_LIMPO,false,true,INDICE_VERDE_LIMPO_CRITERIO_ORIGINAL,2026-05-01T22:07:28Z
drive-download-20260403T124026Z-3-001_224929\1cv 4p nema56 12 50hz 75x97.4 605037107 r.pdf,5781cd06d07eeadb733fb26d5d7d2c75466c1f8c4178aad2c78ea3ca792de71d,VERDE_SEGURO,review/extraidos_motor_cycle20_pass1_flash_lite_07_categorized_safe_green_candidates.csv,extraidos_motor_cycle20_pass1_flash_lite_07_categorized_safe_green,OFICIAL,INDICE_VERDE_LIMPO,false,true,INDICE_VERDE_LIMPO_CRITERIO_ORIGINAL,2026-05-01T22:07:28Z
drive-download-20260403T124026Z-3-001_224929\1cv 4p nema56 12 50hz 97.4x75 605037107.pdf,50c64d6e29b8a5dec10059afd26349eb4b340d7a40785e2905700f5c4e870f75,VERDE_SEGURO,review/extraidos_motor_cycle20_pass1_flash_lite_07_categorized_safe_green_candidates.csv,extraidos_motor_cycle20_pass1_flash_lite_07_categorized_safe_green,OFICIAL,INDICE_VERDE_LIMPO,false,true,INDICE_VERDE_LIMPO_CRITERIO_ORIGINAL,2026-05-01T22:07:28Z
drive-download-20260403T124026Z-3-001_224929\1cv 4p nema56 12 60hz 60x97.1 605012197.pdf,91094faca3e1e8432f8ccdf8da2a1f53246fd8e28c02b56c594dbe2022964961,VERDE_SEGURO,review/extraidos_motor_cycle20_pass1_flash_lite_07_categorized_safe_green_candidates.csv,extraidos_motor_cycle20_pass1_flash_lite_07_categorized_safe_green,OFICIAL,INDICE_VERDE_LIMPO,false,true,INDICE_VERDE_LIMPO_CRITERIO_ORIGINAL,2026-05-01T22:07:28Z
drive-download-20260403T124026Z-3-001_224929\1cv 4p nema56 12 60hz 65x97.4 605012135.pdf,77df2e30a331dfdb74c562201ef9417452a382358df70f453ee919f1aba6759d,VERDE_SEGURO,review/extraidos_motor_cycle20_pass1_flash_lite_07_categorized_safe_green_candidates.csv,extraidos_motor_cycle20_pass1_flash_lite_07_categorized_safe_green,OFICIAL,INDICE_VERDE_LIMPO,false,true,INDICE_VERDE_LIMPO_CRITERIO_ORIGINAL,2026-05-01T22:07:28Z
drive-download-20260403T124026Z-3-001_224929\1cv 4p nema56 12 60hz 65x97.4 605013134 r.pdf,6c3f0c0bacdc9315c047a4f2053b82f236ab53f100b44b16008fe92c0eab6e3f,VERDE_SEGURO,review/extraidos_motor_cycle20_pass1_flash_lite_07_categorized_safe_green_candidates.csv,extraidos_motor_cycle20_pass1_flash_lite_07_categorized_safe_green,OFICIAL,INDICE_VERDE_LIMPO,false,true,INDICE_VERDE_LIMPO_CRITERIO_ORIGINAL,2026-05-01T22:07:28Z
drive-download-20260403T124026Z-3-001_224929\1cv 4p nema56 12 60hz 65x97.4 605013134.pdf,78d0a4a3a7fda29189d85678e23c48560deb425a780fd834794affeeb48d40b5,VERDE_SEGURO,review/extraidos_motor_cycle20_pass1_flash_lite_07_categorized_safe_green_candidates.csv,extraidos_motor_cycle20_pass1_flash_lite_07_categorized_safe_green,OFICIAL,INDICE_VERDE_LIMPO,false,true,INDICE_VERDE_LIMPO_CRITERIO_ORIGINAL,2026-05-01T22:07:28Z
drive-download-20260403T124026Z-3-001_224929\1cv 4p nema56 12 60hz 75x97.4 605012127.pdf,6bd32fe5ea1ad82d1b5c083b4110275c7072490a2ad22f98b5014c4271d8ba17,VERDE_SEGURO,review/extraidos_motor_cycle20_pass1_flash_lite_07_categorized_safe_green_candidates.csv,extraidos_motor_cycle20_pass1_flash_lite_07_categorized_safe_green,OFICIAL,INDICE_VERDE_LIMPO,false,true,INDICE_VERDE_LIMPO_CRITERIO_ORIGINAL,2026-05-01T22:07:28Z
drive-download-20260403T124026Z-3-001_224929\1cv 4p nema56 12 60hz 75x97.4 605012145.pdf,956346f5ac83c3182cdb930193c8ad690bc4efbd4fd9051dccb4dfb44745cfc0,VERDE_SEGURO,review/extraidos_motor_cycle20_pass1_flash_lite_08_categorized_safe_green_candidates.csv,extraidos_motor_cycle20_pass1_flash_lite_08_categorized_safe_green,OFICIAL,INDICE_VERDE_LIMPO,false,true,INDICE_VERDE_LIMPO_CRITERIO_ORIGINAL,2026-05-01T22:32:22Z
drive-download-20260403T124026Z-3-001_224929\1cv 4p nema56 12 60hz 75x97.4 605012249 r.pdf,b4a25f6ad3a857c7b5845ed5d0033673ec641aeef72e12b61787e5ec0f086c07,VERDE_SEGURO,review/extraidos_motor_cycle20_pass1_flash_lite_08_categorized_safe_green_candidates.csv,extraidos_motor_cycle20_pass1_flash_lite_08_categorized_safe_green,OFICIAL,INDICE_VERDE_LIMPO,false,true,INDICE_VERDE_LIMPO_CRITERIO_ORIGINAL,2026-05-01T22:32:22Z
drive-download-20260403T124026Z-3-001_224929\1cv 4p nema56 12 60hz 75x97.4 605012249.pdf,07f2a7bf6ae94d2ddd2235bbc996b314be4c961739fce9365ef4694da726052a,VERDE_SEGURO,review/extraidos_motor_cycle20_pass1_flash_lite_08_categorized_safe_green_candidates.csv,extraidos_motor_cycle20_pass1_flash_lite_08_categorized_safe_green,OFICIAL,INDICE_VERDE_LIMPO,false,true,INDICE_VERDE_LIMPO_CRITERIO_ORIGINAL,2026-05-01T22:32:22Z
drive-download-20260403T124026Z-3-001_224929\1cv 4p nema56 12 60hz 75x97.4 605013158.pdf,a9a840e43507665a7f887a383ef3aa7137a9a0946b5c75b7cab1b5e32c2e9aca,VERDE_SEGURO,review/extraidos_motor_cycle20_pass1_flash_lite_08_categorized_safe_green_candidates.csv,extraidos_motor_cycle20_pass1_flash_lite_08_categorized_safe_green,OFICIAL,INDICE_VERDE_LIMPO,false,true,INDICE_VERDE_LIMPO_CRITERIO_ORIGINAL,2026-05-01T22:32:22Z
drive-download-20260403T124026Z-3-001_224929\1cv 4p nema56 12 60hz 80x97.4 605012141.pdf,a57c1cb9d7904e404673f1e9ae467cb2d416da08da2fc4fce1ddf2e834b3d910,VERDE_SEGURO,review/extraidos_motor_cycle20_pass1_flash_lite_08_categorized_safe_green_candidates.csv,extraidos_motor_cycle20_pass1_flash_lite_08_categorized_safe_green,OFICIAL,INDICE_VERDE_LIMPO,false,true,INDICE_VERDE_LIMPO_CRITERIO_ORIGINAL,2026-05-01T22:32:22Z
drive-download-20260403T124026Z-3-001_224929\1cv 4p nema56 12 60hz 90x97.1 605013146.pdf,016fb43659a2485b4730e24eeb0ef618aac30916721a1a8376c9898d2c30e65c,VERDE_SEGURO,review/extraidos_motor_cycle20_pass1_flash_lite_08_categorized_safe_green_candidates.csv,extraidos_motor_cycle20_pass1_flash_lite_08_categorized_safe_green,OFICIAL,INDICE_VERDE_LIMPO,false,true,INDICE_VERDE_LIMPO_CRITERIO_ORIGINAL,2026-05-01T22:32:22Z
drive-download-20260403T124026Z-3-001_224929\1cv 4p nema56 24 60hz 65x97.4 605012256.pdf,7e05b0c30eaf585155b4ce0038bd985e27fe5b2e0b2f0359c906ab583c7a95e2,VERDE_SEGURO,review/extraidos_motor_cycle20_pass1_flash_lite_08_categorized_safe_green_candidates.csv,extraidos_motor_cycle20_pass1_flash_lite_08_categorized_safe_green,OFICIAL,INDICE_VERDE_LIMPO,false,true,INDICE_VERDE_LIMPO_CRITERIO_ORIGINAL,2026-05-01T22:32:22Z
drive-download-20260403T124026Z-3-001_224929\1cv 4p nema56 24 60hz 75x97.4 605012186.pdf,91b18dab1e681a9dfab58daa7a4202c2162d102e49f978c6ed78b8b387f21161,VERDE_SEGURO,review/extraidos_motor_cycle20_pass1_flash_lite_08_categorized_safe_green_candidates.csv,extraidos_motor_cycle20_pass1_flash_lite_08_categorized_safe_green,OFICIAL,INDICE_VERDE_LIMPO,false,true,INDICE_VERDE_LIMPO_CRITERIO_ORIGINAL,2026-05-01T22:32:22Z
drive-download-20260403T124026Z-3-001_224929\2cv 4p nema56 12 60hz 110x97.1 605013151.pdf,e7d22e1e4d8d892ce526ae87e9ba51c0f32d5b23bc9ed2a9345acf42632ef413,VERDE_SEGURO,review/extraidos_motor_cycle20_pass1_flash_lite_09_categorized_safe_green_candidates.csv,extraidos_motor_cycle20_pass1_flash_lite_09_categorized_safe_green,OFICIAL,INDICE_VERDE_LIMPO,false,true,INDICE_VERDE_LIMPO_CRITERIO_ORIGINAL,2026-05-01T23:00:29Z
drive-download-20260403T124026Z-3-001_224929\2cv 4p nema56 12 60hz 110x97.1 605037409 r.pdf,a805b2607a99826a54d72d9c09b36301df42f1992965974fb511d7d9613908e9,VERDE_SEGURO,review/extraidos_motor_cycle20_pass1_flash_lite_09_categorized_safe_green_candidates.csv,extraidos_motor_cycle20_pass1_flash_lite_09_categorized_safe_green,OFICIAL,INDICE_VERDE_LIMPO,false,true,INDICE_VERDE_LIMPO_CRITERIO_ORIGINAL,2026-05-01T23:00:29Z
drive-download-20260403T124026Z-3-001_224929\2cv 4p nema56 12 60hz 110x97.1 605037409.pdf,d141f3bf2d381ecb391bdf56ecbb089fbf0a5a9acf83c9f6a39afc9d07419773,VERDE_SEGURO,review/extraidos_motor_cycle20_pass1_flash_lite_09_categorized_safe_green_candidates.csv,extraidos_motor_cycle20_pass1_flash_lite_09_categorized_safe_green,OFICIAL,INDICE_VERDE_LIMPO,false,true,INDICE_VERDE_LIMPO_CRITERIO_ORIGINAL,2026-05-01T23:00:29Z
drive-download-20260403T124026Z-3-001_224929\2cv 4p nema56 12 60hz 130x97.1 605012251 r (2).pdf,263c7129bf1b8592391c0baa04299ae0cf3971f8438dcb0cc6f2e74ae21f82e8,VERDE_SEGURO,review/extraidos_motor_cycle20_pass1_flash_lite_09_categorized_safe_green_candidates.csv,extraidos_motor_cycle20_pass1_flash_lite_09_categorized_safe_green,OFICIAL,INDICE_VERDE_LIMPO,false,true,INDICE_VERDE_LIMPO_CRITERIO_ORIGINAL,2026-05-01T23:00:29Z
drive-download-20260403T124026Z-3-001_224929\2cv 4p nema56 12 60hz 130x97.1 605013132.pdf,fcb7b29346987aa43aeffcb338a2cfc6565ab72cc2913ad3959d164dc8ad8b37,VERDE_SEGURO,review/extraidos_motor_cycle20_pass1_flash_lite_09_categorized_safe_green_candidates.csv,extraidos_motor_cycle20_pass1_flash_lite_09_categorized_safe_green,OFICIAL,INDICE_VERDE_LIMPO,false,true,INDICE_VERDE_LIMPO_CRITERIO_ORIGINAL,2026-05-01T23:00:29Z
drive-download-20260403T124026Z-3-001_224929\2cv 4p nema56 12 60hz 90x97.4 605046019.pdf,785f3d0452110dad7d5574ef9ef16d2a6feb3e19d8a44309ea6cd19565d5724c,VERDE_SEGURO,review/extraidos_motor_cycle20_pass1_flash_lite_09_categorized_safe_green_candidates.csv,extraidos_motor_cycle20_pass1_flash_lite_09_categorized_safe_green,OFICIAL,INDICE_VERDE_LIMPO,false,true,INDICE_VERDE_LIMPO_CRITERIO_ORIGINAL,2026-05-01T23:00:29Z
drive-download-20260403T124026Z-3-001_224929\2cv 4p nema56 24 60hz 110x97.1 605012254.pdf,e0cb32c67df76d9e191af80b6654ab191309a128f1f0e9cf9a02dbf20a773141,VERDE_SEGURO,review/extraidos_motor_cycle20_pass1_flash_lite_09_categorized_safe_green_candidates.csv,extraidos_motor_cycle20_pass1_flash_lite_09_categorized_safe_green,OFICIAL,INDICE_VERDE_LIMPO,false,true,INDICE_VERDE_LIMPO_CRITERIO_ORIGINAL,2026-05-01T23:00:29Z
"drive-download-20260403T124026Z-3-001_224929\3,4cv 4p nema42 2 60hz 68x70 605007143.pdf",cc134e5e7a4b4b0b3b6521f2e591ded628ec1a4c4623f8d0fcccfa0343dd2b93,VERDE_SEGURO,review/extraidos_motor_cycle20_pass1_flash_lite_09_categorized_safe_green_candidates.csv,extraidos_motor_cycle20_pass1_flash_lite_09_categorized_safe_green,OFICIAL,INDICE_VERDE_LIMPO,false,true,INDICE_VERDE_LIMPO_CRITERIO_ORIGINAL,2026-05-01T23:00:29Z
"drive-download-20260403T124026Z-3-001_224929\3,4cv 4p nema48 1 60hz 75x81.4 605042554.pdf",c9a3c6b682a4d2118f34776d1b97249c3ddca00814744c60c64e9ca406a746e0,VERDE_SEGURO,review/extraidos_motor_cycle20_pass1_flash_lite_10_categorized_safe_green_candidates.csv,extraidos_motor_cycle20_pass1_flash_lite_10_categorized_safe_green,OFICIAL,INDICE_VERDE_LIMPO,false,true,INDICE_VERDE_LIMPO_CRITERIO_ORIGINAL,2026-05-01T23:28:26Z
"drive-download-20260403T124026Z-3-001_224929\3,4cv 4p nema48 12 60hz 75x81.4 605012194.pdf",51a9c1ab4476c42b2b32047670003a462a6718329cb5cb0055b20ab2209e3399,VERDE_SEGURO,review/extraidos_motor_cycle20_pass1_flash_lite_10_categorized_safe_green_candidates.csv,extraidos_motor_cycle20_pass1_flash_lite_10_categorized_safe_green,OFICIAL,INDICE_VERDE_LIMPO,false,true,INDICE_VERDE_LIMPO_CRITERIO_ORIGINAL,2026-05-01T23:28:26Z
"drive-download-20260403T124026Z-3-001_224929\3,4cv 4p nema48 12 60hz 90x81.4 605012240.pdf",3e356de6a5130098abfe0331987e8ccb91c168b8c385fe608aba89e72f2eea82,VERDE_SEGURO,review/extraidos_motor_cycle20_pass1_flash_lite_10_categorized_safe_green_candidates.csv,extraidos_motor_cycle20_pass1_flash_lite_10_categorized_safe_green,OFICIAL,INDICE_VERDE_LIMPO,false,true,INDICE_VERDE_LIMPO_CRITERIO_ORIGINAL,2026-05-01T23:28:26Z
"drive-download-20260403T124026Z-3-001_224929\3,4cv 4p nema48 2 60hz 75x81.4 605042555.pdf",1b425198634bea925610bc8908a2520887f0930b763ae988fcb01596835bf4db,VERDE_SEGURO,review/extraidos_motor_cycle20_pass1_flash_lite_10_categorized_safe_green_candidates.csv,extraidos_motor_cycle20_pass1_flash_lite_10_categorized_safe_green,OFICIAL,INDICE_VERDE_LIMPO,false,true,INDICE_VERDE_LIMPO_CRITERIO_ORIGINAL,2026-05-01T23:28:26Z
"drive-download-20260403T124026Z-3-001_224929\3,4cv 4p nema56 12 60hz 60x97.4 605012248.pdf",7e4300e9b7944682f8466dad066b13aafde818d7e0d11e08a3840d0cd53b8293,VERDE_SEGURO,review/extraidos_motor_cycle20_pass1_flash_lite_10_categorized_safe_green_candidates.csv,extraidos_motor_cycle20_pass1_flash_lite_10_categorized_safe_green,OFICIAL,INDICE_VERDE_LIMPO,false,true,INDICE_VERDE_LIMPO_CRITERIO_ORIGINAL,2026-05-01T23:28:26Z
"drive-download-20260403T124026Z-3-001_224929\3,4cv 4p nema56 12 60hz 65x97,4 605012231.pdf",3e84b31b2c9f6af8260b40e73cc9777f7b2aac9d98ee5eeb7ffaaea6edced5a4,VERDE_SEGURO,review/extraidos_motor_cycle20_pass1_flash_lite_10_categorized_safe_green_candidates.csv,extraidos_motor_cycle20_pass1_flash_lite_10_categorized_safe_green,OFICIAL,INDICE_VERDE_LIMPO,false,true,INDICE_VERDE_LIMPO_CRITERIO_ORIGINAL,2026-05-01T23:28:26Z
"drive-download-20260403T124026Z-3-001_224929\3,4cv 4p nema56 12 60hz 65x97.4 605012181.pdf",09dd0826ca1259cd95f6ccd047eb30bcd2528fca4b6d37a3dbcf29bbd7163b38,VERDE_SEGURO,review/extraidos_motor_cycle20_pass1_flash_lite_10_categorized_safe_green_candidates.csv,extraidos_motor_cycle20_pass1_flash_lite_10_categorized_safe_green,OFICIAL,INDICE_VERDE_LIMPO,false,true,INDICE_VERDE_LIMPO_CRITERIO_ORIGINAL,2026-05-01T23:28:26Z
"drive-download-20260403T124026Z-3-001_224929\3,4cv 6p iec80 234 60hz 95x81.4 605072705 r.pdf",1fffe3dd6aa198585fb7619630491654e310a5139c20d319fbd6a8f7cafb90fb,VERDE_SEGURO,review/extraidos_motor_cycle20_pass1_flash_lite_10_categorized_safe_green_candidates.csv,extraidos_motor_cycle20_pass1_flash_lite_10_categorized_safe_green,OFICIAL,INDICE_VERDE_LIMPO,false,true,INDICE_VERDE_LIMPO_CRITERIO_ORIGINAL,2026-05-01T23:28:26Z
"drive-download-20260403T124026Z-3-001_224929\3,4cv 6p iec80 234 60hz 95x81.4 605072705.pdf",b696ca30255e73411ebba843c5abf3e1fe801ebca618c9792cc6ea2b6996497a,VERDE_SEGURO,review/extraidos_motor_cycle20_pass1_flash_lite_10_categorized_safe_green_candidates.csv,extraidos_motor_cycle20_pass1_flash_lite_10_categorized_safe_green,OFICIAL,INDICE_VERDE_LIMPO,false,true,INDICE_VERDE_LIMPO_CRITERIO_ORIGINAL,2026-05-01T23:28:26Z
"drive-download-20260403T124026Z-3-001_224929\3,5cv 4p nema56 2 60hz 130x97.1 605012183.pdf",a3e45c2349bc1af8cfaa3ce91e786f4338dfbf667828a97bf90c5913adb1fadf,VERDE_SEGURO,review/extraidos_motor_cycle20_pass1_flash_lite_10_categorized_safe_green_candidates.csv,extraidos_motor_cycle20_pass1_flash_lite_10_categorized_safe_green,OFICIAL,INDICE_VERDE_LIMPO,false,true,INDICE_VERDE_LIMPO_CRITERIO_ORIGINAL,2026-05-01T23:28:26Z
drive-download-20260403T124026Z-3-001_224929\3cv 4p nema56 12 60hz 130x97.1 605012134 r.pdf,438d23bd444e42cb0f003d505e1ae00100ccd6265b1da4a901ded57acb52cc2f,VERDE_SEGURO,review/extraidos_motor_cycle20_pass1_flash_lite_11_categorized_safe_green_candidates.csv,extraidos_motor_cycle20_pass1_flash_lite_11_categorized_safe_green,OFICIAL,INDICE_VERDE_LIMPO,false,true,INDICE_VERDE_LIMPO_CRITERIO_ORIGINAL,2026-05-01T23:41:22Z
drive-download-20260403T124026Z-3-001_224929\3cv 4p nema56 12 60hz 130x97.1 605013150.pdf,842095cf70bd08239f230b15d86f92d17c270c27f388c857cee4f1afb2043e76,VERDE_SEGURO,review/extraidos_motor_cycle20_pass1_flash_lite_11_categorized_safe_green_candidates.csv,extraidos_motor_cycle20_pass1_flash_lite_11_categorized_safe_green,OFICIAL,INDICE_VERDE_LIMPO,false,true,INDICE_VERDE_LIMPO_CRITERIO_ORIGINAL,2026-05-01T23:41:22Z
drive-download-20260403T124026Z-3-001_224929\3cv 4p nema56 2 60hz 130x97.1 605012329.pdf,7baaa31bcc836e71520b7c26abbee76eaa1b1e50b66038b46849b765b7e6bee4,VERDE_SEGURO,review/extraidos_motor_cycle20_pass1_flash_lite_11_categorized_safe_green_candidates.csv,extraidos_motor_cycle20_pass1_flash_lite_11_categorized_safe_green,OFICIAL,INDICE_VERDE_LIMPO,false,true,INDICE_VERDE_LIMPO_CRITERIO_ORIGINAL,2026-05-01T23:41:22Z
drive-download-20260403T124026Z-3-001_224929\3cv 4p nema56 24 60hz 130x97.1 605012252.pdf,4cdcaa944f201085cf26c3640dc96f700d395c9c6c7e75d1f90f631b5d51f3f9,VERDE_SEGURO,review/extraidos_motor_cycle20_pass1_flash_lite_11_categorized_safe_green_candidates.csv,extraidos_motor_cycle20_pass1_flash_lite_11_categorized_safe_green,OFICIAL,INDICE_VERDE_LIMPO,false,true,INDICE_VERDE_LIMPO_CRITERIO_ORIGINAL,2026-05-01T23:41:22Z
drive-download-20260403T124026Z-3-001_224929\4cv 6p iec100 23 60hz 130x97.3 605012323.pdf,e45b23dadf00edec62bd8b23b2f8d00fc138a7e7a7c63ae8f8dc9adc5ecb11d2,VERDE_SEGURO,review/extraidos_motor_cycle20_pass1_flash_lite_11_categorized_safe_green_candidates.csv,extraidos_motor_cycle20_pass1_flash_lite_11_categorized_safe_green,OFICIAL,INDICE_VERDE_LIMPO,false,true,INDICE_VERDE_LIMPO_CRITERIO_ORIGINAL,2026-05-01T23:41:22Z
drive-download-20260403T124026Z-3-001_224929\5cv 6p iec132 234 60hz 148.6x110 605072711.pdf,e87d5feb257a07e932d231cb57f929a918e39a735b4ff27ca3e13e89fd2e9484,VERDE_SEGURO,review/extraidos_motor_cycle20_pass1_flash_lite_12b_categorized_safe_green_candidates.csv,extraidos_motor_cycle20_pass1_flash_lite_12b_categorized_safe_green,OFICIAL,INDICE_VERDE_LIMPO,false,true,INDICE_VERDE_LIMPO_CRITERIO_ORIGINAL,2026-05-04T23:39:38Z
drive-download-20260403T124026Z-3-001_224929\605007076.pdf,12ef0c6d991a1be96b5683df679e877d688851e77291ea1d391e5cf56c28683e,VERDE_SEGURO,review/extraidos_motor_cycle20_pass1_flash_lite_12b_categorized_safe_green_candidates.csv,extraidos_motor_cycle20_pass1_flash_lite_12b_categorized_safe_green,OFICIAL,INDICE_VERDE_LIMPO,false,true,INDICE_VERDE_LIMPO_CRITERIO_ORIGINAL,2026-05-04T23:39:38Z
drive-download-20260403T124026Z-3-001_224929\605007102.pdf,99804e9a49755036b14c7e68f629c091c6458192625004f5692e3012aa52fc18,VERDE_SEGURO,review/extraidos_motor_cycle20_pass1_flash_lite_12b_categorized_safe_green_candidates.csv,extraidos_motor_cycle20_pass1_flash_lite_12b_categorized_safe_green,OFICIAL,INDICE_VERDE_LIMPO,false,true,INDICE_VERDE_LIMPO_CRITERIO_ORIGINAL,2026-05-04T23:39:38Z
drive-download-20260403T124026Z-3-001_224929\605007103.pdf,4684e1fc2fd125c298391a2a92617818be2142aad170cc19a7867a1a90ec5f4a,VERDE_SEGURO,review/extraidos_motor_cycle20_pass1_flash_lite_12b_categorized_safe_green_candidates.csv,extraidos_motor_cycle20_pass1_flash_lite_12b_categorized_safe_green,OFICIAL,INDICE_VERDE_LIMPO,false,true,INDICE_VERDE_LIMPO_CRITERIO_ORIGINAL,2026-05-04T23:39:38Z
drive-download-20260403T124026Z-3-001_224929\605007107.pdf,b7849fad4ae00878fef19426cd3a2d260c6a1b852befd670dd51d63a0358b27f,VERDE_SEGURO,review/extraidos_motor_cycle20_pass1_flash_lite_12b_categorized_safe_green_candidates.csv,extraidos_motor_cycle20_pass1_flash_lite_12b_categorized_safe_green,OFICIAL,INDICE_VERDE_LIMPO,false,true,INDICE_VERDE_LIMPO_CRITERIO_ORIGINAL,2026-05-04T23:39:38Z
drive-download-20260403T124026Z-3-001_224929\605007109.pdf,dc7f5f05698fcff69868878d258ee610581575461443e1c505210ad4194e1e79,VERDE_SEGURO,review/extraidos_motor_cycle20_pass1_flash_lite_12b_categorized_safe_green_candidates.csv,extraidos_motor_cycle20_pass1_flash_lite_12b_categorized_safe_green,OFICIAL,INDICE_VERDE_LIMPO,false,true,INDICE_VERDE_LIMPO_CRITERIO_ORIGINAL,2026-05-04T23:39:38Z
drive-download-20260403T124026Z-3-001_224929\605007111.pdf,9cdc7702c87c1031d956181b0b9a647c345a0fd89ee049f5d56237d00fc9e31b,VERDE_SEGURO,review/extraidos_motor_cycle20_pass1_flash_lite_12b_categorized_safe_green_candidates.csv,extraidos_motor_cycle20_pass1_flash_lite_12b_categorized_safe_green,OFICIAL,INDICE_VERDE_LIMPO,false,true,INDICE_VERDE_LIMPO_CRITERIO_ORIGINAL,2026-05-04T23:39:38Z
drive-download-20260403T124026Z-3-001_224929\605007112.pdf,aa5a125aabf591f29c3a35b012629d9ee8c0f7e83179a5cfd73b34dd5386880e,VERDE_SEGURO,review/extraidos_motor_cycle20_pass1_flash_lite_12b_categorized_safe_green_candidates.csv,extraidos_motor_cycle20_pass1_flash_lite_12b_categorized_safe_green,OFICIAL,INDICE_VERDE_LIMPO,false,true,INDICE_VERDE_LIMPO_CRITERIO_ORIGINAL,2026-05-04T23:39:38Z
drive-download-20260403T124026Z-3-001_224929\605007123.pdf,8464dfef50a091f18bec1a7e27e74a9d180e7d9269566bbca4e623ab351b2dda,VERDE_SEGURO,review/extraidos_motor_cycle20_pass1_flash_lite_12b_categorized_safe_green_candidates.csv,extraidos_motor_cycle20_pass1_flash_lite_12b_categorized_safe_green,OFICIAL,INDICE_VERDE_LIMPO,false,true,INDICE_VERDE_LIMPO_CRITERIO_ORIGINAL,2026-05-04T23:39:38Z
drive-download-20260403T124026Z-3-001_224929\605007129.pdf,c5f66643ae47560b0478553bd9a93ade7cee4b72938838a771d24a07db4209da,VERDE_SEGURO,review/extraidos_motor_cycle20_pass1_flash_lite_12b_categorized_safe_green_candidates.csv,extraidos_motor_cycle20_pass1_flash_lite_12b_categorized_safe_green,OFICIAL,INDICE_VERDE_LIMPO,false,true,INDICE_VERDE_LIMPO_CRITERIO_ORIGINAL,2026-05-04T23:39:38Z
drive-download-20260403T124026Z-3-001_224929\605007147.pdf,e02d4e2362995d96459188c09e508ec32492f9611caad5f7ee32ef0b3d418309,VERDE_SEGURO,review/extraidos_motor_cycle20_pass1_flash_lite_12b_categorized_safe_green_candidates.csv,extraidos_motor_cycle20_pass1_flash_lite_12b_categorized_safe_green,OFICIAL,INDICE_VERDE_LIMPO,false,true,INDICE_VERDE_LIMPO_CRITERIO_ORIGINAL,2026-05-04T23:39:38Z
drive-download-20260403T124026Z-3-001_224929\605007162.pdf,0645f0e7595a065bf324a9ccf2d9a6eac750f0e1e9579967534689831383884c,VERDE_SEGURO,review/extraidos_motor_cycle20_pass1_flash_lite_12b_categorized_safe_green_candidates.csv,extraidos_motor_cycle20_pass1_flash_lite_12b_categorized_safe_green,OFICIAL,INDICE_VERDE_LIMPO,false,true,INDICE_VERDE_LIMPO_CRITERIO_ORIGINAL,2026-05-04T23:39:38Z
drive-download-20260403T124026Z-3-001_224929\605007168.pdf,ef9c4fa05066c97d60e1680a9461228c895e362728a3e396b9cbd859c2627964,VERDE_SEGURO,review/extraidos_motor_cycle20_pass1_flash_lite_13_categorized_safe_green_candidates.csv,extraidos_motor_cycle20_pass1_flash_lite_13_categorized_safe_green,OFICIAL,INDICE_VERDE_LIMPO,false,true,INDICE_VERDE_LIMPO_CRITERIO_ORIGINAL,2026-05-05T00:12:30Z
drive-download-20260403T124026Z-3-001_224929\605007170.pdf,7561bd1d216c3214c909a8ba7f420d2b36a8a98dd1c93b5393a11c423bdeeed4,VERDE_SEGURO,review/extraidos_motor_cycle20_pass1_flash_lite_13_categorized_safe_green_candidates.csv,extraidos_motor_cycle20_pass1_flash_lite_13_categorized_safe_green,OFICIAL,INDICE_VERDE_LIMPO,false,true,INDICE_VERDE_LIMPO_CRITERIO_ORIGINAL,2026-05-05T00:12:30Z
drive-download-20260403T124026Z-3-001_224929\605007171.pdf,277c22bf9b4dd5ef0ad3b38f9a4a328b42fa736284bb524731371384e28fbd82,VERDE_SEGURO,review/extraidos_motor_cycle20_pass1_flash_lite_13_categorized_safe_green_candidates.csv,extraidos_motor_cycle20_pass1_flash_lite_13_categorized_safe_green,OFICIAL,INDICE_VERDE_LIMPO,false,true,INDICE_VERDE_LIMPO_CRITERIO_ORIGINAL,2026-05-05T00:12:30Z
drive-download-20260403T124026Z-3-001_224929\605007173.pdf,662522389aea8d71524b0d0a8e2ca963d1683fbf1c5452c83c9e0ebbffc64264,VERDE_SEGURO,review/extraidos_motor_cycle20_pass1_flash_lite_13_categorized_safe_green_candidates.csv,extraidos_motor_cycle20_pass1_flash_lite_13_categorized_safe_green,OFICIAL,INDICE_VERDE_LIMPO,false,true,INDICE_VERDE_LIMPO_CRITERIO_ORIGINAL,2026-05-05T00:12:30Z
drive-download-20260403T124026Z-3-001_224929\605007175.pdf,70c300f921f81637281142dda019f1de8e760bbd84acee2232174cf65beff45e,VERDE_SEGURO,review/extraidos_motor_cycle20_pass1_flash_lite_13_categorized_safe_green_candidates.csv,extraidos_motor_cycle20_pass1_flash_lite_13_categorized_safe_green,OFICIAL,INDICE_VERDE_LIMPO,false,true,INDICE_VERDE_LIMPO_CRITERIO_ORIGINAL,2026-05-05T00:12:30Z
drive-download-20260403T124026Z-3-001_224929\605007178.pdf,65be2057359d8d62966a8b49343dc99041204bed337cbdfe240c4c830e696e14,VERDE_SEGURO,review/extraidos_motor_cycle20_pass1_flash_lite_13_categorized_safe_green_candidates.csv,extraidos_motor_cycle20_pass1_flash_lite_13_categorized_safe_green,OFICIAL,INDICE_VERDE_LIMPO,false,true,INDICE_VERDE_LIMPO_CRITERIO_ORIGINAL,2026-05-05T00:12:30Z
drive-download-20260403T124026Z-3-001_224929\605007184.pdf,39204ddc616b4ce75855aca2d45749dc57ec039d967620429b585f06c43b84b4,VERDE_SEGURO,review/extraidos_motor_cycle20_pass1_flash_lite_13_categorized_safe_green_candidates.csv,extraidos_motor_cycle20_pass1_flash_lite_13_categorized_safe_green,OFICIAL,INDICE_VERDE_LIMPO,false,true,INDICE_VERDE_LIMPO_CRITERIO_ORIGINAL,2026-05-05T00:12:30Z
drive-download-20260403T124026Z-3-001_224929\605009002.pdf,156b7bb2715200b3c9ae2bcfec7e0ffee31c0ed6727842be3646d776673cae8b,VERDE_SEGURO,review/extraidos_motor_cycle20_pass1_flash_lite_13_categorized_safe_green_candidates.csv,extraidos_motor_cycle20_pass1_flash_lite_13_categorized_safe_green,OFICIAL,INDICE_VERDE_LIMPO,false,true,INDICE_VERDE_LIMPO_CRITERIO_ORIGINAL,2026-05-05T00:12:30Z
drive-download-20260403T124026Z-3-001_224929\605009003.pdf,d1ad90cb246bfec0ed6fcc2e18a9a90b800197f81e3d13933773db937e191a27,VERDE_SEGURO,review/extraidos_motor_cycle20_pass1_flash_lite_13_categorized_safe_green_candidates.csv,extraidos_motor_cycle20_pass1_flash_lite_13_categorized_safe_green,OFICIAL,INDICE_VERDE_LIMPO,false,true,INDICE_VERDE_LIMPO_CRITERIO_ORIGINAL,2026-05-05T00:12:30Z
drive-download-20260403T124026Z-3-001_224929\605009005.pdf,9226aa8d363f248e061d0797ca2df96cfaed971daf3d7a53d1b97bda50a95afc,VERDE_SEGURO,review/extraidos_motor_cycle20_pass1_flash_lite_13_categorized_safe_green_candidates.csv,extraidos_motor_cycle20_pass1_flash_lite_13_categorized_safe_green,OFICIAL,INDICE_VERDE_LIMPO,false,true,INDICE_VERDE_LIMPO_CRITERIO_ORIGINAL,2026-05-05T00:12:30Z
drive-download-20260403T124026Z-3-001_224929\605012004.pdf,5b521723b025720293e02a2981e87d3a547eab0a4dc4bff04edce3298053b9d2,VERDE_SEGURO,review/extraidos_motor_cycle20_pass1_flash_lite_13_categorized_safe_green_candidates.csv,extraidos_motor_cycle20_pass1_flash_lite_13_categorized_safe_green,OFICIAL,INDICE_VERDE_LIMPO,false,true,INDICE_VERDE_LIMPO_CRITERIO_ORIGINAL,2026-05-05T00:12:30Z
drive-download-20260403T124026Z-3-001_224929\605012012.pdf,1c3bf197260a81d710df96089de5bf12aeba18e3dedce18381eea2843464175a,VERDE_SEGURO,review/extraidos_motor_cycle20_pass1_flash_lite_13_categorized_safe_green_candidates.csv,extraidos_motor_cycle20_pass1_flash_lite_13_categorized_safe_green,OFICIAL,INDICE_VERDE_LIMPO,false,true,INDICE_VERDE_LIMPO_CRITERIO_ORIGINAL,2026-05-05T00:12:30Z
drive-download-20260403T124026Z-3-001_224929\605012021.pdf,3bc6aba10f78b87aa4bf020f2f48824d87c36e8614a3703118ea13452565fa07,VERDE_SEGURO,review/extraidos_motor_cycle20_pass1_flash_lite_13_categorized_safe_green_candidates.csv,extraidos_motor_cycle20_pass1_flash_lite_13_categorized_safe_green,OFICIAL,INDICE_VERDE_LIMPO,false,true,INDICE_VERDE_LIMPO_CRITERIO_ORIGINAL,2026-05-05T00:12:30Z
drive-download-20260403T124026Z-3-001_224929\605012049.pdf,3f7f35b221efedcc11cbeeb4f5c785217fe035f299e527d3182505120a0993a8,VERDE_SEGURO,review/extraidos_motor_cycle20_pass1_flash_lite_13_categorized_safe_green_candidates.csv,extraidos_motor_cycle20_pass1_flash_lite_13_categorized_safe_green,OFICIAL,INDICE_VERDE_LIMPO,false,true,INDICE_VERDE_LIMPO_CRITERIO_ORIGINAL,2026-05-05T00:12:30Z
drive-download-20260403T124026Z-3-001_224929\605012054.pdf,c20b2d10cffbc7984c8c467a96f28c4c89b6bc301dcb1e48694697822809159f,VERDE_SEGURO,review/extraidos_motor_cycle20_pass1_flash_lite_13_categorized_safe_green_candidates.csv,extraidos_motor_cycle20_pass1_flash_lite_13_categorized_safe_green,OFICIAL,INDICE_VERDE_LIMPO,false,true,INDICE_VERDE_LIMPO_CRITERIO_ORIGINAL,2026-05-05T00:12:30Z
drive-download-20260403T124026Z-3-001_224929\605012065.pdf,57c4a0549907d6492e3f497699a95fdea5c61b559b7f3db6b637c53b10defea8,VERDE_SEGURO,review/extraidos_motor_cycle20_pass1_flash_lite_13_categorized_safe_green_candidates.csv,extraidos_motor_cycle20_pass1_flash_lite_13_categorized_safe_green,OFICIAL,INDICE_VERDE_LIMPO,false,true,INDICE_VERDE_LIMPO_CRITERIO_ORIGINAL,2026-05-05T00:12:30Z
drive-download-20260403T124026Z-3-001_224929\605012072.pdf,9b1cb7f65eaa7e68ec8bcfb11a9c62b5bb10f10fbbf45888b85e002c29e701b8,VERDE_SEGURO,review/extraidos_motor_cycle20_pass1_flash_lite_13_categorized_safe_green_candidates.csv,extraidos_motor_cycle20_pass1_flash_lite_13_categorized_safe_green,OFICIAL,INDICE_VERDE_LIMPO,false,true,INDICE_VERDE_LIMPO_CRITERIO_ORIGINAL,2026-05-05T00:12:30Z
drive-download-20260403T124026Z-3-001_224929\605012089.pdf,ee1b50a0e3390b510b0fbd8442e3e7663ed110c957d2534a212116a576dd9568,VERDE_SEGURO,review/extraidos_motor_cycle20_pass1_flash_lite_14_categorized_safe_green_candidates.csv,extraidos_motor_cycle20_pass1_flash_lite_14_categorized_safe_green,OFICIAL,INDICE_VERDE_LIMPO,false,true,INDICE_VERDE_LIMPO_CRITERIO_ORIGINAL,2026-05-05T00:25:21Z
drive-download-20260403T124026Z-3-001_224929\605012092.pdf,5b61e2bd38be47e8a3bfd3211bc594fc468751e249e4a3c22b518e0701f7e03d,VERDE_SEGURO,review/extraidos_motor_cycle20_pass1_flash_lite_14_categorized_safe_green_candidates.csv,extraidos_motor_cycle20_pass1_flash_lite_14_categorized_safe_green,OFICIAL,INDICE_VERDE_LIMPO,false,true,INDICE_VERDE_LIMPO_CRITERIO_ORIGINAL,2026-05-05T00:25:21Z
drive-download-20260403T124026Z-3-001_224929\605012098.pdf,77ff8a1d1a663e49874065cd36d43c2819deb99dc5ce1fdbae32a425890b3a0a,VERDE_SEGURO,review/extraidos_motor_cycle20_pass1_flash_lite_14_categorized_safe_green_candidates.csv,extraidos_motor_cycle20_pass1_flash_lite_14_categorized_safe_green,OFICIAL,INDICE_VERDE_LIMPO,false,true,INDICE_VERDE_LIMPO_CRITERIO_ORIGINAL,2026-05-05T00:25:21Z
drive-download-20260403T124026Z-3-001_224929\605012102.pdf,02dd83d19ceb7a53868a03b2a21cc78517b742bd869464effa2424cbc7b9d2c4,VERDE_SEGURO,review/extraidos_motor_cycle20_pass1_flash_lite_14_categorized_safe_green_candidates.csv,extraidos_motor_cycle20_pass1_flash_lite_14_categorized_safe_green,OFICIAL,INDICE_VERDE_LIMPO,false,true,INDICE_VERDE_LIMPO_CRITERIO_ORIGINAL,2026-05-05T00:25:21Z
drive-download-20260403T124026Z-3-001_224929\605012114.pdf,c0bc36bc26a831a798e15d667fcc1e37e76f03294f2908fcd7ce6e90e41ac7d6,VERDE_SEGURO,review/extraidos_motor_cycle20_pass1_flash_lite_14_categorized_safe_green_candidates.csv,extraidos_motor_cycle20_pass1_flash_lite_14_categorized_safe_green,OFICIAL,INDICE_VERDE_LIMPO,false,true,INDICE_VERDE_LIMPO_CRITERIO_ORIGINAL,2026-05-05T00:25:21Z
drive-download-20260403T124026Z-3-001_224929\605012148.pdf,2ca1bfca988ed4dc9b7748c7de6a4638609ba294a6c22be1dec4d280e71917ef,VERDE_SEGURO,review/extraidos_motor_cycle20_pass1_flash_lite_14_categorized_safe_green_candidates.csv,extraidos_motor_cycle20_pass1_flash_lite_14_categorized_safe_green,OFICIAL,INDICE_VERDE_LIMPO,false,true,INDICE_VERDE_LIMPO_CRITERIO_ORIGINAL,2026-05-05T00:25:21Z
drive-download-20260403T124026Z-3-001_224929\605012160.pdf,ff6b8647d40f9f2b6074dd484f60527e02385a93a3f21fb1f88790a4a430acd6,VERDE_SEGURO,review/extraidos_motor_cycle20_pass1_flash_lite_14_categorized_safe_green_candidates.csv,extraidos_motor_cycle20_pass1_flash_lite_14_categorized_safe_green,OFICIAL,INDICE_VERDE_LIMPO,false,true,INDICE_VERDE_LIMPO_CRITERIO_ORIGINAL,2026-05-05T00:25:21Z
drive-download-20260403T124026Z-3-001_224929\605012161.pdf,57e2f6a80abe07822e8221be55bf98e56c6deb5b524914f4614204016d5dad9e,VERDE_SEGURO,review/extraidos_motor_cycle20_pass1_flash_lite_14_categorized_safe_green_candidates.csv,extraidos_motor_cycle20_pass1_flash_lite_14_categorized_safe_green,OFICIAL,INDICE_VERDE_LIMPO,false,true,INDICE_VERDE_LIMPO_CRITERIO_ORIGINAL,2026-05-05T00:25:21Z
drive-download-20260403T124026Z-3-001_224929\605012166.pdf,826dfa9bbfae383702aa6bc2dd408c62e4e1d959b5b57271b7d422d3425d8cdc,VERDE_SEGURO,review/extraidos_motor_cycle20_pass1_flash_lite_14_categorized_safe_green_candidates.csv,extraidos_motor_cycle20_pass1_flash_lite_14_categorized_safe_green,OFICIAL,INDICE_VERDE_LIMPO,false,true,INDICE_VERDE_LIMPO_CRITERIO_ORIGINAL,2026-05-05T00:25:21Z
drive-download-20260403T124026Z-3-001_224929\605012182.pdf,251ad1a06af1ceee4ac219f44f94c5d3c523d06e8086e36ccba89476dcae15e8,VERDE_SEGURO,review/extraidos_motor_cycle20_pass1_flash_lite_14_categorized_safe_green_candidates.csv,extraidos_motor_cycle20_pass1_flash_lite_14_categorized_safe_green,OFICIAL,INDICE_VERDE_LIMPO,false,true,INDICE_VERDE_LIMPO_CRITERIO_ORIGINAL,2026-05-05T00:25:21Z
drive-download-20260403T124026Z-3-001_224929\605012191.pdf,ac50cb75c275efb61e2652bc9973ce75db6ee8d5d47c998cdf9e713496c17876,VERDE_SEGURO,review/extraidos_motor_cycle20_pass1_flash_lite_14_categorized_safe_green_candidates.csv,extraidos_motor_cycle20_pass1_flash_lite_14_categorized_safe_green,OFICIAL,INDICE_VERDE_LIMPO,false,true,INDICE_VERDE_LIMPO_CRITERIO_ORIGINAL,2026-05-05T00:25:21Z
drive-download-20260403T124026Z-3-001_224929\605012207.pdf,812dbe0db901a879d52514f7419e6819e6ed9740ca09d6e531379990b384280a,VERDE_SEGURO,review/extraidos_motor_cycle20_pass1_flash_lite_14_categorized_safe_green_candidates.csv,extraidos_motor_cycle20_pass1_flash_lite_14_categorized_safe_green,OFICIAL,INDICE_VERDE_LIMPO,false,true,INDICE_VERDE_LIMPO_CRITERIO_ORIGINAL,2026-05-05T00:25:21Z
drive-download-20260403T124026Z-3-001_224929\605012244.pdf,4e4b1319a85b2885d7c0796c88366456909d6225d2090e948f1bbabf0b943d9a,VERDE_SEGURO,review/extraidos_motor_cycle20_pass1_flash_lite_14_categorized_safe_green_candidates.csv,extraidos_motor_cycle20_pass1_flash_lite_14_categorized_safe_green,OFICIAL,INDICE_VERDE_LIMPO,false,true,INDICE_VERDE_LIMPO_CRITERIO_ORIGINAL,2026-05-05T00:25:21Z
drive-download-20260403T124026Z-3-001_224929\605012245.pdf,224003b3da385a79f859bb82ce03d605c7739a39435b879b497a69071e4f5eb0,VERDE_SEGURO,review/extraidos_motor_cycle20_pass1_flash_lite_15_categorized_safe_green_candidates.csv,extraidos_motor_cycle20_pass1_flash_lite_15_categorized_safe_green,OFICIAL,INDICE_VERDE_LIMPO,false,true,INDICE_VERDE_LIMPO_CRITERIO_ORIGINAL,2026-05-05T00:36:52Z
drive-download-20260403T124026Z-3-001_224929\605012289.pdf,8d86e89abbeff4986e78190c58603ef323fa59d04279e3acfe6a30a8b594ebad,VERDE_SEGURO,review/extraidos_motor_cycle20_pass1_flash_lite_15_categorized_safe_green_candidates.csv,extraidos_motor_cycle20_pass1_flash_lite_15_categorized_safe_green,OFICIAL,INDICE_VERDE_LIMPO,false,true,INDICE_VERDE_LIMPO_CRITERIO_ORIGINAL,2026-05-05T00:36:52Z
drive-download-20260403T124026Z-3-001_224929\605012311.pdf,3bf6fd5d4d49c588f86446a2b3405f2fc09cbbd203e257113600978b5d4c3439,VERDE_SEGURO,review/extraidos_motor_cycle20_pass1_flash_lite_15_categorized_safe_green_candidates.csv,extraidos_motor_cycle20_pass1_flash_lite_15_categorized_safe_green,OFICIAL,INDICE_VERDE_LIMPO,false,true,INDICE_VERDE_LIMPO_CRITERIO_ORIGINAL,2026-05-05T00:36:52Z
drive-download-20260403T124026Z-3-001_224929\605012312.pdf,98900d3d81b2c1c81185ec354b59af04e4f918ca67bb4ea83b5f54ad17c395a7,VERDE_SEGURO,review/extraidos_motor_cycle20_pass1_flash_lite_15_categorized_safe_green_candidates.csv,extraidos_motor_cycle20_pass1_flash_lite_15_categorized_safe_green,OFICIAL,INDICE_VERDE_LIMPO,false,true,INDICE_VERDE_LIMPO_CRITERIO_ORIGINAL,2026-05-05T00:36:52Z
drive-download-20260403T124026Z-3-001_224929\605012338.pdf,d2bf3d9f74da219242d42cf9e9b34468bd26ae6daad4d8b8b9b12103955ca421,VERDE_SEGURO,review/extraidos_motor_cycle20_pass1_flash_lite_15_categorized_safe_green_candidates.csv,extraidos_motor_cycle20_pass1_flash_lite_15_categorized_safe_green,OFICIAL,INDICE_VERDE_LIMPO,false,true,INDICE_VERDE_LIMPO_CRITERIO_ORIGINAL,2026-05-05T00:36:52Z
drive-download-20260403T124026Z-3-001_224929\605012343.pdf,3433b007c625338bd9527808d10961913a54357b30df5ef6ece4cd230d7af432,VERDE_SEGURO,review/extraidos_motor_cycle20_pass1_flash_lite_15_categorized_safe_green_candidates.csv,extraidos_motor_cycle20_pass1_flash_lite_15_categorized_safe_green,OFICIAL,INDICE_VERDE_LIMPO,false,true,INDICE_VERDE_LIMPO_CRITERIO_ORIGINAL,2026-05-05T00:36:52Z
drive-download-20260403T124026Z-3-001_224929\605012350.pdf,dd873828e941398e29f928e9194aaab31bed7553d37246585636cce25a6509fa,VERDE_SEGURO,review/extraidos_motor_cycle20_pass1_flash_lite_16_categorized_safe_green_candidates.csv,extraidos_motor_cycle20_pass1_flash_lite_16_categorized_safe_green,OFICIAL,INDICE_VERDE_LIMPO,false,true,INDICE_VERDE_LIMPO_CRITERIO_ORIGINAL,2026-05-05T01:03:15Z
drive-download-20260403T124026Z-3-001_224929\605012356.pdf,325924cc2343877d5c3f782340ee3452b9e24399ea47a0aea2f08cdf18d3f825,VERDE_SEGURO,review/extraidos_motor_cycle20_pass1_flash_lite_16_categorized_safe_green_candidates.csv,extraidos_motor_cycle20_pass1_flash_lite_16_categorized_safe_green,OFICIAL,INDICE_VERDE_LIMPO,false,true,INDICE_VERDE_LIMPO_CRITERIO_ORIGINAL,2026-05-05T01:03:15Z
drive-download-20260403T124026Z-3-001_224929\605012357.pdf,55134e56450c3f54ad5f62ce2c9323b5611ba96f85f6b1c408bd95ae5a7d489e,VERDE_SEGURO,review/extraidos_motor_cycle20_pass1_flash_lite_16_categorized_safe_green_candidates.csv,extraidos_motor_cycle20_pass1_flash_lite_16_categorized_safe_green,OFICIAL,INDICE_VERDE_LIMPO,false,true,INDICE_VERDE_LIMPO_CRITERIO_ORIGINAL,2026-05-05T01:03:15Z
drive-download-20260403T124026Z-3-001_224929\605012374.pdf,026606a25e1e681e51b53bf3c04a9cf0d7989c0add0a44cd87332ee0f3a4d72b,VERDE_SEGURO,review/extraidos_motor_cycle20_pass1_flash_lite_16_categorized_safe_green_candidates.csv,extraidos_motor_cycle20_pass1_flash_lite_16_categorized_safe_green,OFICIAL,INDICE_VERDE_LIMPO,false,true,INDICE_VERDE_LIMPO_CRITERIO_ORIGINAL,2026-05-05T01:03:15Z
drive-download-20260403T124026Z-3-001_224929\605012375.pdf,ca6f3fc46f1bdaeeb71b9ee6ed22941bfbe697e2c56b1c1abf7ae8ff2f7f59b8,VERDE_SEGURO,review/extraidos_motor_cycle20_pass1_flash_lite_16_categorized_safe_green_candidates.csv,extraidos_motor_cycle20_pass1_flash_lite_16_categorized_safe_green,OFICIAL,INDICE_VERDE_LIMPO,false,true,INDICE_VERDE_LIMPO_CRITERIO_ORIGINAL,2026-05-05T01:03:15Z
drive-download-20260403T124026Z-3-001_224929\605012379.pdf,1b75f7fe0c4f0e519b8f0b291246373915a29e4c8ea5f631ccf7e70e3b89a414,VERDE_SEGURO,review/extraidos_motor_cycle20_pass1_flash_lite_16_categorized_safe_green_candidates.csv,extraidos_motor_cycle20_pass1_flash_lite_16_categorized_safe_green,OFICIAL,INDICE_VERDE_LIMPO,false,true,INDICE_VERDE_LIMPO_CRITERIO_ORIGINAL,2026-05-05T01:03:15Z
drive-download-20260403T124026Z-3-001_224929\605012383.pdf,8a41d538628936a71fd77182bfdaf50bf80b416ab57515dda31968e43053b75c,VERDE_SEGURO,review/extraidos_motor_cycle20_pass1_flash_lite_16_categorized_safe_green_candidates.csv,extraidos_motor_cycle20_pass1_flash_lite_16_categorized_safe_green,OFICIAL,INDICE_VERDE_LIMPO,false,true,INDICE_VERDE_LIMPO_CRITERIO_ORIGINAL,2026-05-05T01:03:15Z
drive-download-20260403T124026Z-3-001_224929\605012384.pdf,3c02a6ef69b14bdf10ee08d34e2242569a7e5dfeba0fec0cdf92fa009d23d1ff,VERDE_SEGURO,review/extraidos_motor_cycle20_pass1_flash_lite_16_categorized_safe_green_candidates.csv,extraidos_motor_cycle20_pass1_flash_lite_16_categorized_safe_green,OFICIAL,INDICE_VERDE_LIMPO,false,true,INDICE_VERDE_LIMPO_CRITERIO_ORIGINAL,2026-05-05T01:03:15Z
drive-download-20260403T124026Z-3-001_224929\605012394.pdf,a09347ed47783528b3c5853996db6d32c32dca6ee2058fec7f129bade3a3cba1,VERDE_SEGURO,review/extraidos_motor_cycle20_pass1_flash_lite_16_categorized_safe_green_candidates.csv,extraidos_motor_cycle20_pass1_flash_lite_16_categorized_safe_green,OFICIAL,INDICE_VERDE_LIMPO,false,true,INDICE_VERDE_LIMPO_CRITERIO_ORIGINAL,2026-05-05T01:03:15Z
drive-download-20260403T124026Z-3-001_224929\605012427.pdf,adf650f787e565344e145297d413db462b44459a006acfd40527f10f2277120b,VERDE_SEGURO,review/extraidos_motor_cycle20_pass1_flash_lite_17_categorized_safe_green_candidates.csv,extraidos_motor_cycle20_pass1_flash_lite_17_categorized_safe_green,OFICIAL,INDICE_VERDE_LIMPO,false,true,INDICE_VERDE_LIMPO_CRITERIO_ORIGINAL,2026-05-05T01:20:59Z
drive-download-20260403T124026Z-3-001_224929\605013025.pdf,20734651ea7e1f7a0d1e2c53a915ee09bd06220469ab89e4e8638ad64039ac07,VERDE_SEGURO,review/extraidos_motor_cycle20_pass1_flash_lite_17_categorized_safe_green_candidates.csv,extraidos_motor_cycle20_pass1_flash_lite_17_categorized_safe_green,OFICIAL,INDICE_VERDE_LIMPO,false,true,INDICE_VERDE_LIMPO_CRITERIO_ORIGINAL,2026-05-05T01:20:59Z
drive-download-20260403T124026Z-3-001_224929\605013032.pdf,da82a70d343d27768464953e2ebea2dce157b2b09ad8961e8e1bb8775f782c1c,VERDE_SEGURO,review/extraidos_motor_cycle20_pass1_flash_lite_17_categorized_safe_green_candidates.csv,extraidos_motor_cycle20_pass1_flash_lite_17_categorized_safe_green,OFICIAL,INDICE_VERDE_LIMPO,false,true,INDICE_VERDE_LIMPO_CRITERIO_ORIGINAL,2026-05-05T01:20:59Z
drive-download-20260403T124026Z-3-001_224929\605013035.pdf,bde386f8d43fdabe8b6b21db25b9c100e7769dfa10e969ed79f8620b006d9862,VERDE_SEGURO,review/extraidos_motor_cycle20_pass1_flash_lite_17_categorized_safe_green_candidates.csv,extraidos_motor_cycle20_pass1_flash_lite_17_categorized_safe_green,OFICIAL,INDICE_VERDE_LIMPO,false,true,INDICE_VERDE_LIMPO_CRITERIO_ORIGINAL,2026-05-05T01:20:59Z
drive-download-20260403T124026Z-3-001_224929\605013041.pdf,8de20fe8041d8d443d01000bbae665d8a5c382da144f3c7e95824955b63319d9,VERDE_SEGURO,review/extraidos_motor_cycle20_pass1_flash_lite_17_categorized_safe_green_candidates.csv,extraidos_motor_cycle20_pass1_flash_lite_17_categorized_safe_green,OFICIAL,INDICE_VERDE_LIMPO,false,true,INDICE_VERDE_LIMPO_CRITERIO_ORIGINAL,2026-05-05T01:20:59Z
drive-download-20260403T124026Z-3-001_224929\605013045.pdf,e3ea9c6975048169b69d7e29bcddec352344592acfb98ce1a83aa003d816e578,VERDE_SEGURO,review/extraidos_motor_cycle20_pass1_flash_lite_17_categorized_safe_green_candidates.csv,extraidos_motor_cycle20_pass1_flash_lite_17_categorized_safe_green,OFICIAL,INDICE_VERDE_LIMPO,false,true,INDICE_VERDE_LIMPO_CRITERIO_ORIGINAL,2026-05-05T01:20:59Z
drive-download-20260403T124026Z-3-001_224929\605013051.pdf,f1796390e7277bf3ed2ce879ef225c33cec921bd85ff91c98f844f159816c45a,VERDE_SEGURO,review/extraidos_motor_cycle20_pass1_flash_lite_17_categorized_safe_green_candidates.csv,extraidos_motor_cycle20_pass1_flash_lite_17_categorized_safe_green,OFICIAL,INDICE_VERDE_LIMPO,false,true,INDICE_VERDE_LIMPO_CRITERIO_ORIGINAL,2026-05-05T01:20:59Z
drive-download-20260403T124026Z-3-001_224929\605013056.pdf,4ca8a332e3e035b7f3cbc33c0d5d00daad25571448510976c1908420981fa1e5,VERDE_SEGURO,review/extraidos_motor_cycle20_pass1_flash_lite_17_categorized_safe_green_candidates.csv,extraidos_motor_cycle20_pass1_flash_lite_17_categorized_safe_green,OFICIAL,INDICE_VERDE_LIMPO,false,true,INDICE_VERDE_LIMPO_CRITERIO_ORIGINAL,2026-05-05T01:20:59Z
drive-download-20260403T124026Z-3-001_224929\605013059.pdf,afc15a9c16a0e8479b9cf0d2e3bc9143ffa642dac4524d13d1b78290c60fabef,VERDE_SEGURO,review/extraidos_motor_cycle20_pass1_flash_lite_17_categorized_safe_green_candidates.csv,extraidos_motor_cycle20_pass1_flash_lite_17_categorized_safe_green,OFICIAL,INDICE_VERDE_LIMPO,false,true,INDICE_VERDE_LIMPO_CRITERIO_ORIGINAL,2026-05-05T01:20:59Z
drive-download-20260403T124026Z-3-001_224929\605013066.pdf,c24829af8d08879cccc439e1c9183853f711d0210da3007cb1b6134a16a6f3f9,VERDE_SEGURO,review/extraidos_motor_cycle20_pass1_flash_lite_17_categorized_safe_green_candidates.csv,extraidos_motor_cycle20_pass1_flash_lite_17_categorized_safe_green,OFICIAL,INDICE_VERDE_LIMPO,false,true,INDICE_VERDE_LIMPO_CRITERIO_ORIGINAL,2026-05-05T01:20:59Z
drive-download-20260403T124026Z-3-001_224929\605013071.pdf,178e1a1760864898b9ad0fbb9a5a2fa0c9fbd3ed443f2813a1c09d0f0d64236a,VERDE_SEGURO,review/extraidos_motor_cycle20_pass1_flash_lite_17_categorized_safe_green_candidates.csv,extraidos_motor_cycle20_pass1_flash_lite_17_categorized_safe_green,OFICIAL,INDICE_VERDE_LIMPO,false,true,INDICE_VERDE_LIMPO_CRITERIO_ORIGINAL,2026-05-05T01:20:59Z
drive-download-20260403T124026Z-3-001_224929\605013072.pdf,8f42ca23a8e15d62bee18475c32cf27dfa94a4222a5bed0d598a6d73aeb19c81,VERDE_SEGURO,review/extraidos_motor_cycle20_pass1_flash_lite_17_categorized_safe_green_candidates.csv,extraidos_motor_cycle20_pass1_flash_lite_17_categorized_safe_green,OFICIAL,INDICE_VERDE_LIMPO,false,true,INDICE_VERDE_LIMPO_CRITERIO_ORIGINAL,2026-05-05T01:20:59Z
drive-download-20260403T124026Z-3-001_224929\605013076.pdf,54fb8187bdaff120f3d7921dedc980c3a6f062cf12294cdb748742d8d2a1e2c1,VERDE_SEGURO,review/extraidos_motor_cycle20_pass1_flash_lite_17_categorized_safe_green_candidates.csv,extraidos_motor_cycle20_pass1_flash_lite_17_categorized_safe_green,OFICIAL,INDICE_VERDE_LIMPO,false,true,INDICE_VERDE_LIMPO_CRITERIO_ORIGINAL,2026-05-05T01:20:59Z
drive-download-20260403T124026Z-3-001_224929\605013087.pdf,99d98a8654bee64a4ec26e5df2b5d675ec1e6a61eadeb7c3e2adecfdfe7357c9,VERDE_SEGURO,review/extraidos_motor_cycle20_pass1_flash_lite_18_categorized_safe_green_candidates.csv,extraidos_motor_cycle20_pass1_flash_lite_18_categorized_safe_green,OFICIAL,INDICE_VERDE_LIMPO,false,true,INDICE_VERDE_LIMPO_CRITERIO_ORIGINAL,2026-05-05T01:36:00Z
drive-download-20260403T124026Z-3-001_224929\605013096.pdf,90ad73cab274acdaca6af70ec8e7eba9365344f816a6b7958b65a131bedfdb65,VERDE_SEGURO,review/extraidos_motor_cycle20_pass1_flash_lite_18_categorized_safe_green_candidates.csv,extraidos_motor_cycle20_pass1_flash_lite_18_categorized_safe_green,OFICIAL,INDICE_VERDE_LIMPO,false,true,INDICE_VERDE_LIMPO_CRITERIO_ORIGINAL,2026-05-05T01:36:00Z
drive-download-20260403T124026Z-3-001_224929\605013101.pdf,48c4f97ed540600c4fdc7589c53b82d6ff7529e87d543a3011a485f2eb7e2d67,VERDE_SEGURO,review/extraidos_motor_cycle20_pass1_flash_lite_18_categorized_safe_green_candidates.csv,extraidos_motor_cycle20_pass1_flash_lite_18_categorized_safe_green,OFICIAL,INDICE_VERDE_LIMPO,false,true,INDICE_VERDE_LIMPO_CRITERIO_ORIGINAL,2026-05-05T01:36:00Z
drive-download-20260403T124026Z-3-001_224929\605013108.pdf,f31e048418ffa87f317b6404856855f51710c35c84a0bf44513eabbf17a98177,VERDE_SEGURO,review/extraidos_motor_cycle20_pass1_flash_lite_18_categorized_safe_green_candidates.csv,extraidos_motor_cycle20_pass1_flash_lite_18_categorized_safe_green,OFICIAL,INDICE_VERDE_LIMPO,false,true,INDICE_VERDE_LIMPO_CRITERIO_ORIGINAL,2026-05-05T01:36:00Z
drive-download-20260403T124026Z-3-001_224929\605013112.pdf,8673ff546cb17a7a2fa08733668b9b74429d30e3cd128f6a8489125eca31c9c8,VERDE_SEGURO,review/extraidos_motor_cycle20_pass1_flash_lite_18_categorized_safe_green_candidates.csv,extraidos_motor_cycle20_pass1_flash_lite_18_categorized_safe_green,OFICIAL,INDICE_VERDE_LIMPO,false,true,INDICE_VERDE_LIMPO_CRITERIO_ORIGINAL,2026-05-05T01:36:00Z
drive-download-20260403T124026Z-3-001_224929\605013115.pdf,1ecc5183312ac0b419a394ade2ea6939c50460a4e98c13294b4bbfaeead031fa,VERDE_SEGURO,review/extraidos_motor_cycle20_pass1_flash_lite_18_categorized_safe_green_candidates.csv,extraidos_motor_cycle20_pass1_flash_lite_18_categorized_safe_green,OFICIAL,INDICE_VERDE_LIMPO,false,true,INDICE_VERDE_LIMPO_CRITERIO_ORIGINAL,2026-05-05T01:36:00Z
drive-download-20260403T124026Z-3-001_224929\605013116.pdf,0c7a8bfd2f57883e9a935d211d5273e473c1738665ae1ef14e0f485218f974e7,VERDE_SEGURO,review/extraidos_motor_cycle20_pass1_flash_lite_18_categorized_safe_green_candidates.csv,extraidos_motor_cycle20_pass1_flash_lite_18_categorized_safe_green,OFICIAL,INDICE_VERDE_LIMPO,false,true,INDICE_VERDE_LIMPO_CRITERIO_ORIGINAL,2026-05-05T01:36:00Z
drive-download-20260403T124026Z-3-001_224929\605013124.pdf,d60c0289e91d821e3e19913e555d47a99f80e0584549ecc6d773eeb408669751,VERDE_SEGURO,review/extraidos_motor_cycle20_pass1_flash_lite_18_categorized_safe_green_candidates.csv,extraidos_motor_cycle20_pass1_flash_lite_18_categorized_safe_green,OFICIAL,INDICE_VERDE_LIMPO,false,true,INDICE_VERDE_LIMPO_CRITERIO_ORIGINAL,2026-05-05T01:36:00Z
drive-download-20260403T124026Z-3-001_224929\605013143.pdf,9d96b99f5c1209c7bf57df0895f1b041e7e6dbcfee6a93e1541df0298c583265,VERDE_SEGURO,review/extraidos_motor_cycle20_pass1_flash_lite_18_categorized_safe_green_candidates.csv,extraidos_motor_cycle20_pass1_flash_lite_18_categorized_safe_green,OFICIAL,INDICE_VERDE_LIMPO,false,true,INDICE_VERDE_LIMPO_CRITERIO_ORIGINAL,2026-05-05T01:36:00Z
drive-download-20260403T124026Z-3-001_224929\605013173.pdf,143f28f37ffd1eacd2bff0229de24d26d7dfa3ccf816fcba0ad41ebd6fe0452d,VERDE_SEGURO,review/extraidos_motor_cycle20_pass1_flash_lite_18_categorized_safe_green_candidates.csv,extraidos_motor_cycle20_pass1_flash_lite_18_categorized_safe_green,OFICIAL,INDICE_VERDE_LIMPO,false,true,INDICE_VERDE_LIMPO_CRITERIO_ORIGINAL,2026-05-05T01:36:00Z
drive-download-20260403T124026Z-3-001_224929\605013174.pdf,604b56d767b1de26d7ae955c9ad26e0dd08f721cba32966b157f0b9d47277417,VERDE_SEGURO,review/extraidos_motor_cycle20_pass1_flash_lite_18_categorized_safe_green_candidates.csv,extraidos_motor_cycle20_pass1_flash_lite_18_categorized_safe_green,OFICIAL,INDICE_VERDE_LIMPO,false,true,INDICE_VERDE_LIMPO_CRITERIO_ORIGINAL,2026-05-05T01:36:00Z
drive-download-20260403T124026Z-3-001_224929\605013175.pdf,5f15c2f1f3c93d0642cc465e7fb73ba69df2b1b767fd82ce4501e78e70e04f75,VERDE_SEGURO,review/extraidos_motor_cycle20_pass1_flash_lite_18_categorized_safe_green_candidates.csv,extraidos_motor_cycle20_pass1_flash_lite_18_categorized_safe_green,OFICIAL,INDICE_VERDE_LIMPO,false,true,INDICE_VERDE_LIMPO_CRITERIO_ORIGINAL,2026-05-05T01:36:00Z
drive-download-20260403T124026Z-3-001_224929\605013186.pdf,ad9b54f1e7c136e85d866370d2ad19cfc674be0da8c9ee5d862178206e463945,VERDE_SEGURO,NOVO_FASE6_BLOCO_01,extraidos_motor_fase6b_retry_block_01_flash,OFICIAL,RELEASE_V1_RETRY,true,true,INDEX_FLAG_PRECISA_REVISAO_MANUAL_OBSOLETA_DETECTADA,2026-05-05T23:23:49Z
drive-download-20260403T124026Z-3-001_224929\605013210.pdf,27ec2823640842eaf82482676024531cf10fe60a0f24ab545a453d137c781526,VERDE_SEGURO,review/extraidos_motor_cycle20_pass1_flash_lite_19_categorized_safe_green_candidates.csv,extraidos_motor_cycle20_pass1_flash_lite_19_categorized_safe_green,OFICIAL,INDICE_VERDE_LIMPO,false,true,INDICE_VERDE_LIMPO_CRITERIO_ORIGINAL,2026-05-05T03:01:14Z
drive-download-20260403T124026Z-3-001_224929\605013224.pdf,883bb28aaac4a11abee20a35e5e8cd4d3a9c4b45dabb001ab5b170312d1b64de,VERDE_SEGURO,NOVO_FASE6_BLOCO_01,extraidos_motor_fase6b_retry_block_01_flash,OFICIAL,RELEASE_V1_RETRY,true,true,INDEX_FLAG_PRECISA_REVISAO_MANUAL_OBSOLETA_DETECTADA,2026-05-05T23:23:49Z
drive-download-20260403T124026Z-3-001_224929\605013237.pdf,43b2b8e395a215ff9cb17ee0eb6c44bde385bb28c6e43886debbb6b0317e669b,VERDE_SEGURO,review/extraidos_motor_cycle20_pass1_flash_lite_19_categorized_safe_green_candidates.csv,extraidos_motor_cycle20_pass1_flash_lite_19_categorized_safe_green,OFICIAL,INDICE_VERDE_LIMPO,false,true,INDICE_VERDE_LIMPO_CRITERIO_ORIGINAL,2026-05-05T03:01:14Z
drive-download-20260403T124026Z-3-001_224929\605013240.pdf,f96de7470b4a934e2650c2055e563805396df4fe40975a8b98e5e94edc898ac8,VERDE_SEGURO,NOVO_FASE6_BLOCO_01,extraidos_motor_fase6b_retry_block_01_flash,OFICIAL,RELEASE_V1_RETRY,true,true,INDEX_FLAG_PRECISA_REVISAO_MANUAL_OBSOLETA_DETECTADA,2026-05-05T23:23:49Z
drive-download-20260403T124026Z-3-001_224929\605013258.pdf,426c6d5d36c1aca5bdab87b903a1d4bd35b5546ce162888ee08372ae2ed7c0d7,VERDE_SEGURO,NOVO_FASE6_BLOCO_01,extraidos_motor_fase6b_retry_block_01_flash,OFICIAL,RELEASE_V1_RETRY,true,true,INDEX_FLAG_PRECISA_REVISAO_MANUAL_OBSOLETA_DETECTADA,2026-05-05T23:23:49Z
drive-download-20260403T124026Z-3-001_224929\605013259.pdf,4ab0e23c9a6a23ce8fc7ff35bb2d3a76dc0b12f7fae7f4af01f281167c7c7d1b,VERDE_SEGURO,review/extraidos_motor_cycle20_pass1_flash_lite_19_categorized_safe_green_candidates.csv,extraidos_motor_cycle20_pass1_flash_lite_19_categorized_safe_green,OFICIAL,INDICE_VERDE_LIMPO,false,true,INDICE_VERDE_LIMPO_CRITERIO_ORIGINAL,2026-05-05T03:01:14Z
drive-download-20260403T124026Z-3-001_224929\605013262.pdf,4252bcd065a6ef2b3cfbecef84e3feebe82ffb209892afbdf62af7e9001e80c3,VERDE_SEGURO,NOVO_FASE6_BLOCO_01,extraidos_motor_fase6b_retry_block_01_flash,OFICIAL,RELEASE_V1_RETRY,true,true,INDEX_FLAG_PRECISA_REVISAO_MANUAL_OBSOLETA_DETECTADA,2026-05-05T23:23:49Z
drive-download-20260403T124026Z-3-001_224929\605013265.pdf,2a6850143fd6d54cad5f1b8571db969c5e2f025ccd0c0a0732755b7354081e28,VERDE_SEGURO,NOVO_FASE6_BLOCO_01,extraidos_motor_fase6b_retry_block_01_flash,OFICIAL,RELEASE_V1_RETRY,true,true,INDEX_FLAG_PRECISA_REVISAO_MANUAL_OBSOLETA_DETECTADA,2026-05-05T23:23:49Z
drive-download-20260403T124026Z-3-001_224929\605013269.pdf,1ce7c50884f882f665da99430bc1703f4106c7406221392b724ad4845bf28486,VERDE_SEGURO,NOVO_FASE6_BLOCO_01,extraidos_motor_fase6b_retry_block_01_flash,OFICIAL,RELEASE_V1_RETRY,true,true,INDEX_FLAG_PRECISA_REVISAO_MANUAL_OBSOLETA_DETECTADA,2026-05-05T23:23:49Z
drive-download-20260403T124026Z-3-001_224929\605013273.pdf,ca76671f97c6beb00b504d1dae9652231db98138d9f041d569e3d9a372c01d47,VERDE_SEGURO,review/extraidos_motor_cycle20_pass1_flash_lite_19_categorized_safe_green_candidates.csv,extraidos_motor_cycle20_pass1_flash_lite_19_categorized_safe_green,OFICIAL,INDICE_VERDE_LIMPO,false,true,INDICE_VERDE_LIMPO_CRITERIO_ORIGINAL,2026-05-05T03:01:14Z
drive-download-20260403T124026Z-3-001_224929\605014014.jpeg,25b0ff4f3363802e959a2697ba890aa368e55447f7caf96b739e16ec84caddc4,VERDE_SEGURO,NOVO_FASE6_BLOCO_02,extraidos_motor_fase6d_retry_block_02_flash,OFICIAL,RELEASE_V1_RETRY,true,true,INDEX_FLAG_PRECISA_REVISAO_MANUAL_OBSOLETA_DETECTADA,2026-05-05T23:23:49Z
drive-download-20260403T124026Z-3-001_224929\605014014.pdf,a554340c7906e46ccc14f34488303323f708aff3a5111a71a665b1213348435d,VERDE_SEGURO,review/extraidos_motor_cycle20_pass1_flash_lite_19_categorized_safe_green_candidates.csv,extraidos_motor_cycle20_pass1_flash_lite_19_categorized_safe_green,OFICIAL,INDICE_VERDE_LIMPO,false,true,INDICE_VERDE_LIMPO_CRITERIO_ORIGINAL,2026-05-05T03:01:14Z
drive-download-20260403T124026Z-3-001_224929\605014015.pdf,e90f230fcacdbbf84a394b1bb5b3b12e09402c08cee083263745736e0f98c6ad,VERDE_SEGURO,review/extraidos_motor_cycle20_pass1_flash_lite_19_categorized_safe_green_candidates.csv,extraidos_motor_cycle20_pass1_flash_lite_19_categorized_safe_green,OFICIAL,INDICE_VERDE_LIMPO,false,true,INDICE_VERDE_LIMPO_CRITERIO_ORIGINAL,2026-05-05T03:01:14Z
drive-download-20260403T124026Z-3-001_224929\605014020.pdf,7a6478a236da5fa4b0a4656b6a3a6580725d669e97871c4bffd26e2e3182fd67,VERDE_SEGURO,review/extraidos_motor_cycle20_pass1_flash_lite_19_categorized_safe_green_candidates.csv,extraidos_motor_cycle20_pass1_flash_lite_19_categorized_safe_green,OFICIAL,INDICE_VERDE_LIMPO,false,true,INDICE_VERDE_LIMPO_CRITERIO_ORIGINAL,2026-05-05T03:01:14Z
drive-download-20260403T124026Z-3-001_224929\605014022.pdf,43c816bf9d2a788a023bfb37f4717a0bf6dd12ba707c161e8ad5ca6fb2669a45,VERDE_SEGURO,review/extraidos_motor_cycle20_pass1_flash_lite_19_categorized_safe_green_candidates.csv,extraidos_motor_cycle20_pass1_flash_lite_19_categorized_safe_green,OFICIAL,INDICE_VERDE_LIMPO,false,true,INDICE_VERDE_LIMPO_CRITERIO_ORIGINAL,2026-05-05T03:01:14Z
drive-download-20260403T124026Z-3-001_224929\605014025.pdf,c0f7a3c0afa106e5eb015a2db3e2e430f4a8573b2efded170ba2481674ef242c,VERDE_SEGURO,review/extraidos_motor_cycle20_pass1_flash_lite_19_categorized_safe_green_candidates.csv,extraidos_motor_cycle20_pass1_flash_lite_19_categorized_safe_green,OFICIAL,INDICE_VERDE_LIMPO,false,true,INDICE_VERDE_LIMPO_CRITERIO_ORIGINAL,2026-05-05T03:01:14Z
drive-download-20260403T124026Z-3-001_224929\605014028.pdf,e4ad4a9b0d83a89b54bb26853262bedeabb5ae22517f8681b258cc2fcbae412e,VERDE_SEGURO,review/extraidos_motor_cycle20_pass1_flash_lite_19_categorized_safe_green_candidates.csv,extraidos_motor_cycle20_pass1_flash_lite_19_categorized_safe_green,OFICIAL,INDICE_VERDE_LIMPO,false,true,INDICE_VERDE_LIMPO_CRITERIO_ORIGINAL,2026-05-05T03:01:14Z
drive-download-20260403T124026Z-3-001_224929\605014029.pdf,52d3055ad9613f2a195f10b24fd59bc5918641bfa23d46926a6941619b76c89a,VERDE_SEGURO,review/extraidos_motor_cycle20_pass1_flash_lite_19_categorized_safe_green_candidates.csv,extraidos_motor_cycle20_pass1_flash_lite_19_categorized_safe_green,OFICIAL,INDICE_VERDE_LIMPO,false,true,INDICE_VERDE_LIMPO_CRITERIO_ORIGINAL,2026-05-05T03:01:14Z
drive-download-20260403T124026Z-3-001_224929\605014030.pdf,010ecae116893e2dfce5219f0e7fd10ce7142265a213078e9d21f9fb64c08b86,VERDE_SEGURO,review/extraidos_motor_cycle20_pass1_flash_lite_19_categorized_safe_green_candidates.csv,extraidos_motor_cycle20_pass1_flash_lite_19_categorized_safe_green,OFICIAL,INDICE_VERDE_LIMPO,false,true,INDICE_VERDE_LIMPO_CRITERIO_ORIGINAL,2026-05-05T03:01:14Z
drive-download-20260403T124026Z-3-001_224929\605014031.pdf,2b24bc31af517215773ee20d8716354720e478d824129a19b9a011a75f35d146,VERDE_SEGURO,NOVO_FASE6_BLOCO_02,extraidos_motor_fase6d_retry_block_02_flash,OFICIAL,RELEASE_V1_RETRY,true,false,INDEX_FLAG_PRECISA_REVISAO_MANUAL_OBSOLETA_DETECTADA,2026-05-05T23:35:44Z
drive-download-20260403T124026Z-3-001_224929\605015012.pdf,3abe35485a725a0c1f208a23dd115f8e98e78ce94910921dc77a4acb2db124c7,VERDE_SEGURO,review/extraidos_motor_cycle20_pass1_flash_lite_20_categorized_safe_green_candidates.csv,extraidos_motor_cycle20_pass1_flash_lite_20_categorized_safe_green,OFICIAL,INDICE_VERDE_LIMPO,false,true,INDICE_VERDE_LIMPO_CRITERIO_ORIGINAL,2026-05-05T04:03:33Z
drive-download-20260403T124026Z-3-001_224929\605015013.pdf,ff790436b9fb904875ee56b8ad5b7464d7be76bd1b8d0f1ba2208926a98d4268,VERDE_SEGURO,review/extraidos_motor_cycle20_pass1_flash_lite_20_categorized_safe_green_candidates.csv,extraidos_motor_cycle20_pass1_flash_lite_20_categorized_safe_green,OFICIAL,INDICE_VERDE_LIMPO,false,true,INDICE_VERDE_LIMPO_CRITERIO_ORIGINAL,2026-05-05T04:03:33Z
drive-download-20260403T124026Z-3-001_224929\605015014.pdf,9bfb1a16ca17b8d453d4ac98b1b1bc57925007befafb37c7102c5e16366ac40f,VERDE_SEGURO,review/extraidos_motor_cycle20_pass1_flash_lite_20_categorized_safe_green_candidates.csv,extraidos_motor_cycle20_pass1_flash_lite_20_categorized_safe_green,OFICIAL,INDICE_VERDE_LIMPO,false,true,INDICE_VERDE_LIMPO_CRITERIO_ORIGINAL,2026-05-05T04:03:33Z
drive-download-20260403T124026Z-3-001_224929\605015020.pdf,3b766863f4e2d0739a42e4e850896a006400a5008de8e7b70613fff2ea7ec51d,VERDE_SEGURO,review/extraidos_motor_cycle20_pass1_flash_lite_20_categorized_safe_green_candidates.csv,extraidos_motor_cycle20_pass1_flash_lite_20_categorized_safe_green,OFICIAL,INDICE_VERDE_LIMPO,false,true,INDICE_VERDE_LIMPO_CRITERIO_ORIGINAL,2026-05-05T04:03:33Z
drive-download-20260403T124026Z-3-001_224929\605015053.pdf,a716a87a2c2f84fa7fe997bd0442c8135825d727b696c7b962778c1f90bf070e,VERDE_SEGURO,NOVO_FASE6_BLOCO_02,extraidos_motor_fase6d_retry_block_02_flash,OFICIAL,RELEASE_V1_RETRY,true,true,INDEX_FLAG_PRECISA_REVISAO_MANUAL_OBSOLETA_DETECTADA,2026-05-05T23:35:44Z
drive-download-20260403T124026Z-3-001_224929\605015063.pdf,f6f78ac4c0ad4aca1380d63060cd7e0676a042f0479d81f9d022e5ef8f7103ff,VERDE_SEGURO,review/extraidos_motor_cycle20_pass1_flash_lite_20_categorized_safe_green_candidates.csv,extraidos_motor_cycle20_pass1_flash_lite_20_categorized_safe_green,OFICIAL,INDICE_VERDE_LIMPO,false,true,INDICE_VERDE_LIMPO_CRITERIO_ORIGINAL,2026-05-05T04:03:33Z
drive-download-20260403T124026Z-3-001_224929\605015064.pdf,553cc91876d9492b180fbe6cfd4cb3a1fb4b5141a90c03b8f6e1d6d69c228001,VERDE_SEGURO,NOVO_FASE6_BLOCO_02,extraidos_motor_fase6d_retry_block_02_flash,OFICIAL,RELEASE_V1_RETRY,true,true,INDEX_FLAG_PRECISA_REVISAO_MANUAL_OBSOLETA_DETECTADA,2026-05-05T23:35:44Z
drive-download-20260403T124026Z-3-001_224929\605015066.pdf,ab61d649ad0a77deeba58f754a1e87b1851c163449cf90416fd8f4e8eb3a5f3e,VERDE_SEGURO,review/extraidos_motor_cycle20_pass1_flash_lite_20_categorized_safe_green_candidates.csv,extraidos_motor_cycle20_pass1_flash_lite_20_categorized_safe_green,OFICIAL,INDICE_VERDE_LIMPO,false,true,INDICE_VERDE_LIMPO_CRITERIO_ORIGINAL,2026-05-05T04:03:33Z
drive-download-20260403T124026Z-3-001_224929\605015074.pdf,054ff7fa4fec95a3a1dc0d492f0638300142efb9c71629dad89b683dd1d7ed33,VERDE_SEGURO,review/extraidos_motor_cycle20_pass1_flash_lite_20_categorized_safe_green_candidates.csv,extraidos_motor_cycle20_pass1_flash_lite_20_categorized_safe_green,OFICIAL,INDICE_VERDE_LIMPO,false,true,INDICE_VERDE_LIMPO_CRITERIO_ORIGINAL,2026-05-05T04:03:33Z
drive-download-20260403T124026Z-3-001_224929\605015075.pdf,3fbe035cfbcec0b5c8e7db7954786dffb61570a91618d6603bd51881d02d2aa0,VERDE_SEGURO,review/extraidos_motor_cycle20_pass1_flash_lite_20_categorized_safe_green_candidates.csv,extraidos_motor_cycle20_pass1_flash_lite_20_categorized_safe_green,OFICIAL,INDICE_VERDE_LIMPO,false,true,INDICE_VERDE_LIMPO_CRITERIO_ORIGINAL,2026-05-05T04:03:33Z
drive-download-20260403T124026Z-3-001_224929\605015100 (1).pdf,893747e566f7c9db31cbe92369dcad8d78d569ca09b7e190caf1197a936f9ac7,VERDE_SEGURO,review/extraidos_motor_cycle20_pass1_flash_lite_20_categorized_safe_green_candidates.csv,extraidos_motor_cycle20_pass1_flash_lite_20_categorized_safe_green,OFICIAL,INDICE_VERDE_LIMPO,false,true,INDICE_VERDE_LIMPO_CRITERIO_ORIGINAL,2026-05-05T04:03:33Z
drive-download-20260403T124026Z-3-001_224929\605015100.jpg,e1b88ca4a740fe8f8e26332e1500dce2c86c4a224b4f6a213aa47ca306c43a03,VERDE_SEGURO,review/extraidos_motor_cycle20_pass1_flash_lite_20_categorized_safe_green_candidates.csv,extraidos_motor_cycle20_pass1_flash_lite_20_categorized_safe_green,OFICIAL,INDICE_VERDE_LIMPO,false,true,INDICE_VERDE_LIMPO_CRITERIO_ORIGINAL,2026-05-05T04:03:33Z
drive-download-20260403T124026Z-3-001_224929\605015102.pdf,1362fa51911d6bf7101085495a8cc2a5a18c69e61029297bd719cfade39d7809,VERDE_SEGURO,review/extraidos_motor_cycle20_pass1_flash_lite_20_categorized_safe_green_candidates.csv,extraidos_motor_cycle20_pass1_flash_lite_20_categorized_safe_green,OFICIAL,INDICE_VERDE_LIMPO,false,true,INDICE_VERDE_LIMPO_CRITERIO_ORIGINAL,2026-05-05T04:03:33Z
drive-download-20260403T124026Z-3-001_224929\605015107.pdf,3d151b8b685cc6a7c249e35e26503cb950230fbfbae93b7662512bcdee01f19a,VERDE_SEGURO,review/extraidos_motor_cycle20_pass1_flash_lite_20_categorized_safe_green_candidates.csv,extraidos_motor_cycle20_pass1_flash_lite_20_categorized_safe_green,OFICIAL,INDICE_VERDE_LIMPO,false,true,INDICE_VERDE_LIMPO_CRITERIO_ORIGINAL,2026-05-05T04:03:33Z
drive-download-20260403T124026Z-3-001_224929\605015108.pdf,2c3cea9dcade7fed26a1c547ef6b0bf9e2715b885272c4f7559c72d0cbcbe6d7,VERDE_SEGURO,NOVO_FASE6_BLOCO_02,extraidos_motor_fase6d_retry_block_02_flash,OFICIAL,RELEASE_V1_RETRY,true,true,INDEX_FLAG_PRECISA_REVISAO_MANUAL_OBSOLETA_DETECTADA,2026-05-05T23:35:44Z
drive-download-20260403T124026Z-3-001_224929\605015109.pdf,447296b3472f07a6ce7a78feff29ec1c37f23c8e7f4b07e2f4a9f1fdff2c74c9,VERDE_SEGURO,review/extraidos_motor_cycle20_pass1_flash_lite_21_categorized_safe_green_candidates.csv,extraidos_motor_cycle20_pass1_flash_lite_21_categorized_safe_green,OFICIAL,INDICE_VERDE_LIMPO,false,true,INDICE_VERDE_LIMPO_CRITERIO_ORIGINAL,2026-05-05T04:09:59Z
drive-download-20260403T124026Z-3-001_224929\605015110.pdf,89cac24516038105cd0bddde8675bbafa30cf229bb68864e35086f4bbea408b1,VERDE_SEGURO,review/extraidos_motor_cycle20_pass1_flash_lite_21_categorized_safe_green_candidates.csv,extraidos_motor_cycle20_pass1_flash_lite_21_categorized_safe_green,OFICIAL,INDICE_VERDE_LIMPO,false,true,INDICE_VERDE_LIMPO_CRITERIO_ORIGINAL,2026-05-05T04:09:59Z
drive-download-20260403T124026Z-3-001_224929\605015111.pdf,c5db37d5542c091e0b2ff402cedacb6942fbfde30ccea4ee8a7a08e19abd4387,VERDE_SEGURO,review/extraidos_motor_cycle20_pass1_flash_lite_21_categorized_safe_green_candidates.csv,extraidos_motor_cycle20_pass1_flash_lite_21_categorized_safe_green,OFICIAL,INDICE_VERDE_LIMPO,false,true,INDICE_VERDE_LIMPO_CRITERIO_ORIGINAL,2026-05-05T04:09:59Z
drive-download-20260403T124026Z-3-001_224929\605015112.pdf,df3d8b776233137e6eb403ceaf22a9de71dce8c9985a7264dfbb0f189fe0135f,VERDE_SEGURO,review/extraidos_motor_cycle20_pass1_flash_lite_21_categorized_safe_green_candidates.csv,extraidos_motor_cycle20_pass1_flash_lite_21_categorized_safe_green,OFICIAL,INDICE_VERDE_LIMPO,false,true,INDICE_VERDE_LIMPO_CRITERIO_ORIGINAL,2026-05-05T04:09:59Z
drive-download-20260403T124026Z-3-001_224929\605015113.pdf,46c185cab41926bcdf11216c922d1096437cc8b22bb37bc00aa0ca618c4381db,VERDE_SEGURO,review/extraidos_motor_cycle20_pass1_flash_lite_21_categorized_safe_green_candidates.csv,extraidos_motor_cycle20_pass1_flash_lite_21_categorized_safe_green,OFICIAL,INDICE_VERDE_LIMPO,false,true,INDICE_VERDE_LIMPO_CRITERIO_ORIGINAL,2026-05-05T04:09:59Z
drive-download-20260403T124026Z-3-001_224929\605015114.pdf,43ebd21e7fecb90caa6fae2354011411e65c6d3215802992e22b53db6e601278,VERDE_SEGURO,review/extraidos_motor_cycle20_pass1_flash_lite_21_categorized_safe_green_candidates.csv,extraidos_motor_cycle20_pass1_flash_lite_21_categorized_safe_green,OFICIAL,INDICE_VERDE_LIMPO,false,true,INDICE_VERDE_LIMPO_CRITERIO_ORIGINAL,2026-05-05T04:09:59Z
drive-download-20260403T124026Z-3-001_224929\605015115.pdf,b70618644f51a0d87b62afc515a159df3e9eec40b9ceaf4d7346f20ce29018e5,VERDE_SEGURO,NOVO_FASE6_BLOCO_02,extraidos_motor_fase6d_retry_block_02_flash,OFICIAL,RELEASE_V1_RETRY,true,true,INDEX_FLAG_PRECISA_REVISAO_MANUAL_OBSOLETA_DETECTADA,2026-05-05T23:35:44Z
drive-download-20260403T124026Z-3-001_224929\605015116.pdf,1f7241f868504b24fa537a53d4dd054e53aaf10e9d9b69f8aaf2ed02073aa41b,VERDE_SEGURO,NOVO_FASE6_BLOCO_02,extraidos_motor_fase6d_retry_block_02_flash,OFICIAL,RELEASE_V1_RETRY,true,true,INDEX_FLAG_PRECISA_REVISAO_MANUAL_OBSOLETA_DETECTADA,2026-05-05T23:35:44Z
drive-download-20260403T124026Z-3-001_224929\605015121.pdf,36ad8de67c8b9f163156ab89ea850a2f2b145eece1760279db44b404e632657a,VERDE_SEGURO,review/extraidos_motor_cycle20_pass1_flash_lite_21_categorized_safe_green_candidates.csv,extraidos_motor_cycle20_pass1_flash_lite_21_categorized_safe_green,OFICIAL,INDICE_VERDE_LIMPO,false,true,INDICE_VERDE_LIMPO_CRITERIO_ORIGINAL,2026-05-05T04:09:59Z
drive-download-20260403T124026Z-3-001_224929\605015132.pdf,df3c246de1f787ae0c4846ffc6f85f922843741283193d3b2745b1390e20be9b,VERDE_SEGURO,NOVO_FASE6_BLOCO_03,extraidos_motor_fase6f_retry_block_03_flash,OFICIAL,RELEASE_V1_RETRY,true,true,INDEX_FLAG_PRECISA_REVISAO_MANUAL_OBSOLETA_DETECTADA,2026-05-05T23:35:44Z
drive-download-20260403T124026Z-3-001_224929\605015133.pdf,a1f8ad10ac71ee3ccdb6afbd5bcd7a6373e44f8b02b0887da241d1030160e9a9,VERDE_SEGURO,NOVO_FASE6_BLOCO_03,extraidos_motor_fase6f_retry_block_03_flash,OFICIAL,RELEASE_V1_RETRY,true,false,INDEX_FLAG_PRECISA_REVISAO_MANUAL_OBSOLETA_DETECTADA,2026-05-05T23:43:30Z
drive-download-20260403T124026Z-3-001_224929\605015137.pdf,d040d4b0139338d2beb2a065bf3b8ee64b0b3f59b486de776c0daba43df3a371,VERDE_SEGURO,NOVO_FASE6_BLOCO_03,extraidos_motor_fase6f_retry_block_03_flash,OFICIAL,RELEASE_V1_RETRY,true,true,INDEX_FLAG_PRECISA_REVISAO_MANUAL_OBSOLETA_DETECTADA,2026-05-05T23:43:30Z
drive-download-20260403T124026Z-3-001_224929\605015141.pdf,d6676a92f9aba270eceb94e87d4f7d78dffcaf8311a71bbeaf047518419e7ad6,VERDE_SEGURO,NOVO_FASE6_BLOCO_03,extraidos_motor_fase6f_retry_block_03_flash,OFICIAL,RELEASE_V1_RETRY,true,true,INDEX_FLAG_PRECISA_REVISAO_MANUAL_OBSOLETA_DETECTADA,2026-05-05T23:43:30Z
drive-download-20260403T124026Z-3-001_224929\605015142.pdf,9198abdffa47056a552a256057a4b1d40c6194953e2cb3623a5bca1bfa5c1d0b,VERDE_SEGURO,NOVO_FASE6_BLOCO_03,extraidos_motor_fase6f_retry_block_03_flash,OFICIAL,RELEASE_V1_RETRY,true,true,INDEX_FLAG_PRECISA_REVISAO_MANUAL_OBSOLETA_DETECTADA,2026-05-05T23:43:30Z
drive-download-20260403T124026Z-3-001_224929\605015150.pdf,a9d6f580881b75d4d9c092b6770323b88131d61c2587f97d07dba5c5ce49a376,VERDE_SEGURO,review/extraidos_motor_cycle20_pass1_flash_lite_21_categorized_safe_green_candidates.csv,extraidos_motor_cycle20_pass1_flash_lite_21_categorized_safe_green,OFICIAL,INDICE_VERDE_LIMPO,false,true,INDICE_VERDE_LIMPO_CRITERIO_ORIGINAL,2026-05-05T04:09:59Z
drive-download-20260403T124026Z-3-001_224929\605015152.pdf,8c9461f55f48abeb9edbb03404ab06ecfa65d65852ac708ab78ce568f55d05d1,VERDE_SEGURO,review/extraidos_motor_cycle20_pass1_flash_lite_21_categorized_safe_green_candidates.csv,extraidos_motor_cycle20_pass1_flash_lite_21_categorized_safe_green,OFICIAL,INDICE_VERDE_LIMPO,false,true,INDICE_VERDE_LIMPO_CRITERIO_ORIGINAL,2026-05-05T04:09:59Z
drive-download-20260403T124026Z-3-001_224929\605015154.pdf,0a5ba092c19c15be1effb707472e7906a2bb9d59dfa97405317692bbcc1a6500,VERDE_SEGURO,review/extraidos_motor_cycle20_pass1_flash_lite_21_categorized_safe_green_candidates.csv,extraidos_motor_cycle20_pass1_flash_lite_21_categorized_safe_green,OFICIAL,INDICE_VERDE_LIMPO,false,true,INDICE_VERDE_LIMPO_CRITERIO_ORIGINAL,2026-05-05T04:09:59Z
drive-download-20260403T124026Z-3-001_224929\605015159.pdf,71b5f6c67e76a07579fdd95659116026134ec53b8a166be849acbfe0da48fb1d,VERDE_SEGURO,NOVO_FASE6_BLOCO_03,extraidos_motor_fase6f_retry_block_03_flash,OFICIAL,RELEASE_V1_RETRY,true,true,INDEX_FLAG_PRECISA_REVISAO_MANUAL_OBSOLETA_DETECTADA,2026-05-05T23:43:30Z
drive-download-20260403T124026Z-3-001_224929\605015162.pdf,2bc43614d78bbf431ca1af2f52177b3a3b2085ac3ac85b8ce7e94bfc959da3e6,VERDE_SEGURO,review/extraidos_motor_cycle20_pass1_flash_lite_21_categorized_safe_green_candidates.csv,extraidos_motor_cycle20_pass1_flash_lite_21_categorized_safe_green,OFICIAL,INDICE_VERDE_LIMPO,false,true,INDICE_VERDE_LIMPO_CRITERIO_ORIGINAL,2026-05-05T04:09:59Z
drive-download-20260403T124026Z-3-001_224929\605015172.pdf,91ef6593daea19ec4133c1c46938715137acae0708d6cb8179650cc267703170,VERDE_SEGURO,NOVO_FASE6_BLOCO_03,extraidos_motor_fase6f_retry_block_03_flash,OFICIAL,RELEASE_V1_RETRY,true,true,INDEX_FLAG_PRECISA_REVISAO_MANUAL_OBSOLETA_DETECTADA,2026-05-05T23:43:30Z
drive-download-20260403T124026Z-3-001_224929\605015179.pdf,5521e26cc37527ef683bb293a3a70f34a3de3d3751547434b6d5474766cc55f9,VERDE_SEGURO,NOVO_FASE6_BLOCO_03,extraidos_motor_fase6f_retry_block_03_flash,OFICIAL,RELEASE_V1_RETRY,true,true,INDEX_FLAG_PRECISA_REVISAO_MANUAL_OBSOLETA_DETECTADA,2026-05-05T23:43:30Z
drive-download-20260403T124026Z-3-001_224929\605015191.pdf,c2da963bdf66b3873c4f009b249a44ff6663ee8fc27cdcf0827232358eaf3e55,VERDE_SEGURO,review/extraidos_motor_cycle20_pass1_flash_lite_22_categorized_safe_green_candidates.csv,extraidos_motor_cycle20_pass1_flash_lite_22_categorized_safe_green,OFICIAL,INDICE_VERDE_LIMPO,false,true,INDICE_VERDE_LIMPO_CRITERIO_ORIGINAL,2026-05-05T04:16:29Z
drive-download-20260403T124026Z-3-001_224929\605015193.pdf,3a29df0401d940b3dc9fe167c3f4a8b4fb27d99e7823a119d426950186b83bd4,VERDE_SEGURO,review/extraidos_motor_cycle20_pass1_flash_lite_22_categorized_safe_green_candidates.csv,extraidos_motor_cycle20_pass1_flash_lite_22_categorized_safe_green,OFICIAL,INDICE_VERDE_LIMPO,false,true,INDICE_VERDE_LIMPO_CRITERIO_ORIGINAL,2026-05-05T04:16:29Z
drive-download-20260403T124026Z-3-001_224929\605015194.pdf,59e6054fd3c690b1b41517ade80e3b5d5ab438eaaabddff23eeeb3f9904592e1,VERDE_SEGURO,NOVO_FASE6_BLOCO_04,extraidos_motor_fase6h_retry_block_04_flash,OFICIAL,RELEASE_V1_RETRY,true,false,INDEX_FLAG_PRECISA_REVISAO_MANUAL_OBSOLETA_DETECTADA,2026-05-05T23:43:30Z
drive-download-20260403T124026Z-3-001_224929\605015195.pdf,b467f705b3e349b4a323067cebfe235fd35bc31a5511b0c96d3290e724094a56,VERDE_SEGURO,NOVO_FASE6_BLOCO_04,extraidos_motor_fase6h_retry_block_04_flash,OFICIAL,RELEASE_V1_RETRY,true,true,INDEX_FLAG_PRECISA_REVISAO_MANUAL_OBSOLETA_DETECTADA,2026-05-06T01:19:49Z
drive-download-20260403T124026Z-3-001_224929\605015197.pdf,c2141dfcd686b9af2431ee9135c5cded3a83b033bc9c0ac261796a410113ab40,VERDE_SEGURO,review/extraidos_motor_cycle20_pass1_flash_lite_22_categorized_safe_green_candidates.csv,extraidos_motor_cycle20_pass1_flash_lite_22_categorized_safe_green,OFICIAL,INDICE_VERDE_LIMPO,false,true,INDICE_VERDE_LIMPO_CRITERIO_ORIGINAL,2026-05-05T04:16:29Z
drive-download-20260403T124026Z-3-001_224929\605015198.pdf,932c97eed568accf6813cf9605ea332a6293f08ec2b4a9c4e9dcc6f7d75bb9d5,VERDE_SEGURO,review/extraidos_motor_cycle20_pass1_flash_lite_22_categorized_safe_green_candidates.csv,extraidos_motor_cycle20_pass1_flash_lite_22_categorized_safe_green,OFICIAL,INDICE_VERDE_LIMPO,false,true,INDICE_VERDE_LIMPO_CRITERIO_ORIGINAL,2026-05-05T04:16:29Z
drive-download-20260403T124026Z-3-001_224929\605015205.pdf,37aeef2695dff64b33140bed642ea10da9d591829518725ca10aa68330f3d0b8,VERDE_SEGURO,review/extraidos_motor_cycle20_pass1_flash_lite_22_categorized_safe_green_candidates.csv,extraidos_motor_cycle20_pass1_flash_lite_22_categorized_safe_green,OFICIAL,INDICE_VERDE_LIMPO,false,true,INDICE_VERDE_LIMPO_CRITERIO_ORIGINAL,2026-05-05T04:16:29Z
drive-download-20260403T124026Z-3-001_224929\605015210.pdf,86fc3fe1306a802b96ee65c2f8cc85e71a521d641747717c077495dd6fa6105c,VERDE_SEGURO,review/extraidos_motor_cycle20_pass1_flash_lite_22_categorized_safe_green_candidates.csv,extraidos_motor_cycle20_pass1_flash_lite_22_categorized_safe_green,OFICIAL,INDICE_VERDE_LIMPO,false,true,INDICE_VERDE_LIMPO_CRITERIO_ORIGINAL,2026-05-05T04:16:29Z
drive-download-20260403T124026Z-3-001_224929\605015213.pdf,c388a1338efb7b0d15ab66c1f92de8914ee231f1c6043a93991c7bc41a2a482e,VERDE_SEGURO,review/extraidos_motor_cycle20_pass1_flash_lite_22_categorized_safe_green_candidates.csv,extraidos_motor_cycle20_pass1_flash_lite_22_categorized_safe_green,OFICIAL,INDICE_VERDE_LIMPO,false,true,INDICE_VERDE_LIMPO_CRITERIO_ORIGINAL,2026-05-05T04:16:29Z
drive-download-20260403T124026Z-3-001_224929\605015216.pdf,49d3bfaa8df8ef7a7d47bacb3963dca4bd14559a1463c3cf1d6dc89b8cef522d,VERDE_SEGURO,NOVO_FASE6_BLOCO_04,extraidos_motor_fase6h_retry_block_04_flash,OFICIAL,RELEASE_V1_RETRY,true,true,INDEX_FLAG_PRECISA_REVISAO_MANUAL_OBSOLETA_DETECTADA,2026-05-06T01:19:49Z
drive-download-20260403T124026Z-3-001_224929\605015218.pdf,a58a2da30d055638f7f2288c78aa6d2f1834b3d6520988b89fe87e9138cb78d6,VERDE_SEGURO,review/extraidos_motor_cycle20_pass1_flash_lite_22_categorized_safe_green_candidates.csv,extraidos_motor_cycle20_pass1_flash_lite_22_categorized_safe_green,OFICIAL,INDICE_VERDE_LIMPO,false,true,INDICE_VERDE_LIMPO_CRITERIO_ORIGINAL,2026-05-05T04:16:29Z
drive-download-20260403T124026Z-3-001_224929\605015221.pdf,1e24b315fc0a30b62e4ffdd45e4729f9e57c7c8ed86a9f2fe12ab6a1ee292abf,VERDE_SEGURO,NOVO_FASE6_BLOCO_04,extraidos_motor_fase6h_retry_block_04_flash,OFICIAL,RELEASE_V1_RETRY,true,true,INDEX_FLAG_PRECISA_REVISAO_MANUAL_OBSOLETA_DETECTADA,2026-05-06T01:19:49Z
drive-download-20260403T124026Z-3-001_224929\605015227.pdf,3a8e15040aa6c29cef6a167953ef20ce259e86eb11d21281f220db664c082744,VERDE_SEGURO,review/extraidos_motor_cycle20_pass1_flash_lite_22_categorized_safe_green_candidates.csv,extraidos_motor_cycle20_pass1_flash_lite_22_categorized_safe_green,OFICIAL,INDICE_VERDE_LIMPO,false,true,INDICE_VERDE_LIMPO_CRITERIO_ORIGINAL,2026-05-05T04:16:29Z
drive-download-20260403T124026Z-3-001_224929\605015229.pdf,8ded24c6c96e8aaa7c1524b4d44398b633553964cafea3d734f532c88c99d3d2,VERDE_SEGURO,NOVO_FASE6_BLOCO_04,extraidos_motor_fase6h_retry_block_04_flash,OFICIAL,RELEASE_V1_RETRY,true,true,INDEX_FLAG_PRECISA_REVISAO_MANUAL_OBSOLETA_DETECTADA,2026-05-06T01:19:49Z
drive-download-20260403T124026Z-3-001_224929\605015237.pdf,1a64e19bb679705b81d9be8a43ea02d68ac1b051099529dab0df9f2bf80643d9,VERDE_SEGURO,NOVO_FASE6_BLOCO_04,extraidos_motor_fase6h_retry_block_04_flash,OFICIAL,RELEASE_V1_RETRY,true,true,INDEX_FLAG_PRECISA_REVISAO_MANUAL_OBSOLETA_DETECTADA,2026-05-06T01:19:49Z
drive-download-20260403T124026Z-3-001_224929\605015249.pdf,3fe133bb6fe7b5a61700ad4ce1a00f0389820b2827f35d92a25ccb3a655baece,VERDE_SEGURO,NOVO_FASE6_BLOCO_04,extraidos_motor_fase6h_retry_block_04_flash,OFICIAL,RELEASE_V1_RETRY,true,true,INDEX_FLAG_PRECISA_REVISAO_MANUAL_OBSOLETA_DETECTADA,2026-05-06T01:19:49Z
drive-download-20260403T124026Z-3-001_224929\605015274.pdf,2ec0069603a757e270519948537d594f987504ed667cf7f97bdfac09321c73e6,VERDE_SEGURO,NOVO_FASE6_BLOCO_04,extraidos_motor_fase6h_retry_block_04_flash,OFICIAL,RELEASE_V1_RETRY,true,true,INDEX_FLAG_PRECISA_REVISAO_MANUAL_OBSOLETA_DETECTADA,2026-05-06T01:19:49Z
drive-download-20260403T124026Z-3-001_224929\605015276.pdf,d5eea574637a2be079661d81769b2cfe2e9334260eeb46c1d28bedc042c0644f,VERDE_SEGURO,NOVO_FASE6_BLOCO_05,extraidos_motor_fase6j_retry_block_05_flash,OFICIAL,RELEASE_V1_RETRY,true,true,INDEX_FLAG_PRECISA_REVISAO_MANUAL_OBSOLETA_DETECTADA,2026-05-06T01:19:49Z
drive-download-20260403T124026Z-3-001_224929\605015281.pdf,5385fbdf97a07b6712fd6ab98e579db30951b2ceb4683ac80e9a2c04b890f72a,VERDE_SEGURO,review/extraidos_motor_cycle20_pass1_flash_lite_23_categorized_safe_green_candidates.csv,extraidos_motor_cycle20_pass1_flash_lite_23_categorized_safe_green,OFICIAL,INDICE_VERDE_LIMPO,false,true,INDICE_VERDE_LIMPO_CRITERIO_ORIGINAL,2026-05-05T21:22:17Z
drive-download-20260403T124026Z-3-001_224929\605015282.pdf,0513059afee881bad658998ddfc0bf93cdc392393eedf1e843aa550531abde2c,VERDE_SEGURO,review/extraidos_motor_cycle20_pass1_flash_lite_23_categorized_safe_green_candidates.csv,extraidos_motor_cycle20_pass1_flash_lite_23_categorized_safe_green,OFICIAL,INDICE_VERDE_LIMPO,false,true,INDICE_VERDE_LIMPO_CRITERIO_ORIGINAL,2026-05-05T21:22:17Z
drive-download-20260403T124026Z-3-001_224929\605015305.pdf,9bb3b79018a89506709259b161836836e6f08e4ca70e9e1a455108867d7f3b9a,VERDE_SEGURO,review/extraidos_motor_cycle20_pass1_flash_lite_23_categorized_safe_green_candidates.csv,extraidos_motor_cycle20_pass1_flash_lite_23_categorized_safe_green,OFICIAL,INDICE_VERDE_LIMPO,false,true,INDICE_VERDE_LIMPO_CRITERIO_ORIGINAL,2026-05-05T21:22:17Z
drive-download-20260403T124026Z-3-001_224929\605015325.pdf,94a42a7c9582a2ee9cb200efa323857ea7208ec62d9fd5dfbb6588ee0b32e5b4,VERDE_SEGURO,review/extraidos_motor_cycle20_pass1_flash_lite_23_categorized_safe_green_candidates.csv,extraidos_motor_cycle20_pass1_flash_lite_23_categorized_safe_green,OFICIAL,INDICE_VERDE_LIMPO,false,true,INDICE_VERDE_LIMPO_CRITERIO_ORIGINAL,2026-05-05T21:22:17Z
drive-download-20260403T124026Z-3-001_224929\605015332.pdf,5ebb5aa75605398f6885d26c47736127959e8a7e7a6cc1e71da44e8382ffc1f3,VERDE_SEGURO,review/extraidos_motor_cycle20_pass1_flash_lite_23_categorized_safe_green_candidates.csv,extraidos_motor_cycle20_pass1_flash_lite_23_categorized_safe_green,OFICIAL,INDICE_VERDE_LIMPO,false,true,INDICE_VERDE_LIMPO_CRITERIO_ORIGINAL,2026-05-05T21:22:17Z
drive-download-20260403T124026Z-3-001_224929\605016003.pdf,d8bfcab6c62aa3e6f2d116927945e5cf8bd2afd633a5150e88c85227d1c03ff5,VERDE_SEGURO,review/extraidos_motor_cycle20_pass1_flash_lite_23_categorized_safe_green_candidates.csv,extraidos_motor_cycle20_pass1_flash_lite_23_categorized_safe_green,OFICIAL,INDICE_VERDE_LIMPO,false,true,INDICE_VERDE_LIMPO_CRITERIO_ORIGINAL,2026-05-05T21:22:17Z
drive-download-20260403T124026Z-3-001_224929\605016007.pdf,cce00a528032a6ce88e1ba823dd3f9423061a57342279280b48671738266d883,VERDE_SEGURO,review/extraidos_motor_cycle20_pass1_flash_lite_23_categorized_safe_green_candidates.csv,extraidos_motor_cycle20_pass1_flash_lite_23_categorized_safe_green,OFICIAL,INDICE_VERDE_LIMPO,false,true,INDICE_VERDE_LIMPO_CRITERIO_ORIGINAL,2026-05-05T21:22:17Z
drive-download-20260403T124026Z-3-001_224929\605016008.pdf,fa6b564fef854ff304295ff795ff8db152524a6aa4406329ca2fc037b7edee6b,VERDE_SEGURO,review/extraidos_motor_cycle20_pass1_flash_lite_23_categorized_safe_green_candidates.csv,extraidos_motor_cycle20_pass1_flash_lite_23_categorized_safe_green,OFICIAL,INDICE_VERDE_LIMPO,false,true,INDICE_VERDE_LIMPO_CRITERIO_ORIGINAL,2026-05-05T21:22:17Z
drive-download-20260403T124026Z-3-001_224929\605016012.pdf,0148b1c3b9cab536188dbdf249a494fa4854e98348044fe78e290640b3e2b31c,VERDE_SEGURO,NOVO_FASE6_BLOCO_05,extraidos_motor_fase6j_retry_block_05_flash,OFICIAL,RELEASE_V1_RETRY,true,true,INDEX_FLAG_PRECISA_REVISAO_MANUAL_OBSOLETA_DETECTADA,2026-05-06T01:26:53Z
drive-download-20260403T124026Z-3-001_224929\605016013.pdf,bade464cb5626c8674dd74c8dbb0374fdcb2962fae6f5c00041dba2954fc26e8,VERDE_SEGURO,review/extraidos_motor_cycle20_pass1_flash_lite_23_categorized_safe_green_candidates.csv,extraidos_motor_cycle20_pass1_flash_lite_23_categorized_safe_green,OFICIAL,INDICE_VERDE_LIMPO,false,true,INDICE_VERDE_LIMPO_CRITERIO_ORIGINAL,2026-05-05T21:22:17Z
drive-download-20260403T124026Z-3-001_224929\605016014.pdf,5eeb6e528506d55d34ce1da5b1f48eec85d4d5169fa46c6ea5b31af311c5d9d8,VERDE_SEGURO,review/extraidos_motor_cycle20_pass1_flash_lite_23_categorized_safe_green_candidates.csv,extraidos_motor_cycle20_pass1_flash_lite_23_categorized_safe_green,OFICIAL,INDICE_VERDE_LIMPO,false,true,INDICE_VERDE_LIMPO_CRITERIO_ORIGINAL,2026-05-05T21:22:17Z
drive-download-20260403T124026Z-3-001_224929\605016027.pdf,6da0ffa1f7b5f75d131b20bfeb525b537ddb7d6254909728986f3e49ec1385bb,VERDE_SEGURO,review/extraidos_motor_cycle20_pass1_flash_lite_23_categorized_safe_green_candidates.csv,extraidos_motor_cycle20_pass1_flash_lite_23_categorized_safe_green,OFICIAL,INDICE_VERDE_LIMPO,false,true,INDICE_VERDE_LIMPO_CRITERIO_ORIGINAL,2026-05-05T21:22:17Z
drive-download-20260403T124026Z-3-001_224929\605016028.pdf,48f8faecf1bd0ff52755a214c3323cabce38cc5898aeb027bebde72124ea76fa,VERDE_SEGURO,review/extraidos_motor_cycle20_pass1_flash_lite_23_categorized_safe_green_candidates.csv,extraidos_motor_cycle20_pass1_flash_lite_23_categorized_safe_green,OFICIAL,INDICE_VERDE_LIMPO,false,true,INDICE_VERDE_LIMPO_CRITERIO_ORIGINAL,2026-05-05T21:22:17Z
drive-download-20260403T124026Z-3-001_224929\605016040.pdf,8c9588b486a40062e2ccffc757edb011524c3abd16e2a0ded69f4d1bac83d1aa,VERDE_SEGURO,review/extraidos_motor_cycle20_pass1_flash_lite_23_categorized_safe_green_candidates.csv,extraidos_motor_cycle20_pass1_flash_lite_23_categorized_safe_green,OFICIAL,INDICE_VERDE_LIMPO,false,true,INDICE_VERDE_LIMPO_CRITERIO_ORIGINAL,2026-05-05T21:22:17Z
drive-download-20260403T124026Z-3-001_224929\605016043.pdf,9687fdef344774502e6e6c7d45d74c9b6667a526a02de75af4908d621d4db3ea,VERDE_SEGURO,review/extraidos_motor_cycle20_pass1_flash_lite_23_categorized_safe_green_candidates.csv,extraidos_motor_cycle20_pass1_flash_lite_23_categorized_safe_green,OFICIAL,INDICE_VERDE_LIMPO,false,true,INDICE_VERDE_LIMPO_CRITERIO_ORIGINAL,2026-05-05T21:22:17Z
drive-download-20260403T124026Z-3-001_224929\605016054.pdf,a136e985223e091afb76720333cb2507997471b77010e4f2e9065ce4dc48dac9,VERDE_SEGURO,review/extraidos_motor_cycle20_pass1_flash_lite_23_categorized_safe_green_candidates.csv,extraidos_motor_cycle20_pass1_flash_lite_23_categorized_safe_green,OFICIAL,INDICE_VERDE_LIMPO,false,true,INDICE_VERDE_LIMPO_CRITERIO_ORIGINAL,2026-05-05T21:22:17Z
drive-download-20260403T124026Z-3-001_224929\605016055.pdf,7d8d1d5cf908901a008b63cb30748b599a049a6d3f18a00d5d439da5e87f18e2,VERDE_SEGURO,review/extraidos_motor_cycle20_pass1_flash_lite_23_categorized_safe_green_candidates.csv,extraidos_motor_cycle20_pass1_flash_lite_23_categorized_safe_green,OFICIAL,INDICE_VERDE_LIMPO,false,true,INDICE_VERDE_LIMPO_CRITERIO_ORIGINAL,2026-05-05T21:22:17Z
drive-download-20260403T124026Z-3-001_224929\605016056.pdf,9882aaa21c1e384e5640c6d29c25324799dd373d55c8e8f6c17b2714da70b29c,VERDE_SEGURO,review/extraidos_motor_cycle20_pass1_flash_lite_23_categorized_safe_green_candidates.csv,extraidos_motor_cycle20_pass1_flash_lite_23_categorized_safe_green,OFICIAL,INDICE_VERDE_LIMPO,false,true,INDICE_VERDE_LIMPO_CRITERIO_ORIGINAL,2026-05-05T21:22:17Z
drive-download-20260403T124026Z-3-001_224929\605016057.pdf,4ced18eb15e08354b0bc339f21523abee46f01d7c96ed47a6614153c775d07a6,VERDE_SEGURO,review/extraidos_motor_cycle20_pass1_flash_lite_24_categorized_safe_green_candidates.csv,extraidos_motor_cycle20_pass1_flash_lite_24_categorized_safe_green,OFICIAL,INDICE_VERDE_LIMPO,false,true,INDICE_VERDE_LIMPO_CRITERIO_ORIGINAL,2026-05-05T21:31:32Z
drive-download-20260403T124026Z-3-001_224929\605016058.pdf,8e48f577c805de843e4cf6452bae79140178203283717d06455dca87e7850bdb,VERDE_SEGURO,review/extraidos_motor_cycle20_pass1_flash_lite_24_categorized_safe_green_candidates.csv,extraidos_motor_cycle20_pass1_flash_lite_24_categorized_safe_green,OFICIAL,INDICE_VERDE_LIMPO,false,true,INDICE_VERDE_LIMPO_CRITERIO_ORIGINAL,2026-05-05T21:31:32Z
drive-download-20260403T124026Z-3-001_224929\605016059.pdf,44037b275b12acf7ac4b490ecf5087024e6796bfb28540fd4753c1a45745206b,VERDE_SEGURO,review/extraidos_motor_cycle20_pass1_flash_lite_24_categorized_safe_green_candidates.csv,extraidos_motor_cycle20_pass1_flash_lite_24_categorized_safe_green,OFICIAL,INDICE_VERDE_LIMPO,false,true,INDICE_VERDE_LIMPO_CRITERIO_ORIGINAL,2026-05-05T21:31:32Z
drive-download-20260403T124026Z-3-001_224929\605016060.pdf,695d6ce315b7d1a2b4b5533348be6d1c671ce22fa04352e6fb0a5dfe5a6171d5,VERDE_SEGURO,review/extraidos_motor_cycle20_pass1_flash_lite_24_categorized_safe_green_candidates.csv,extraidos_motor_cycle20_pass1_flash_lite_24_categorized_safe_green,OFICIAL,INDICE_VERDE_LIMPO,false,true,INDICE_VERDE_LIMPO_CRITERIO_ORIGINAL,2026-05-05T21:31:32Z
drive-download-20260403T124026Z-3-001_224929\605016064.pdf,39a34647a0fdd660b4223ffa287ff58e78b3ca67a1f485263e9128ac25ecfc87,VERDE_SEGURO,review/extraidos_motor_cycle20_pass1_flash_lite_24_categorized_safe_green_candidates.csv,extraidos_motor_cycle20_pass1_flash_lite_24_categorized_safe_green,OFICIAL,INDICE_VERDE_LIMPO,false,true,INDICE_VERDE_LIMPO_CRITERIO_ORIGINAL,2026-05-05T21:31:32Z
drive-download-20260403T124026Z-3-001_224929\605016065.pdf,dd082542669531af4bf09d4e204a078522cd98511f184646e76a59690dde29ec,VERDE_SEGURO,review/extraidos_motor_cycle20_pass1_flash_lite_24_categorized_safe_green_candidates.csv,extraidos_motor_cycle20_pass1_flash_lite_24_categorized_safe_green,OFICIAL,INDICE_VERDE_LIMPO,false,true,INDICE_VERDE_LIMPO_CRITERIO_ORIGINAL,2026-05-05T21:31:32Z
drive-download-20260403T124026Z-3-001_224929\605016066.pdf,5fc791644ccbd30e8d2c1acc0c9f27f593d0e265626fe62863d44a76ff60706b,VERDE_SEGURO,review/extraidos_motor_cycle20_pass1_flash_lite_24_categorized_safe_green_candidates.csv,extraidos_motor_cycle20_pass1_flash_lite_24_categorized_safe_green,OFICIAL,INDICE_VERDE_LIMPO,false,true,INDICE_VERDE_LIMPO_CRITERIO_ORIGINAL,2026-05-05T21:31:32Z
drive-download-20260403T124026Z-3-001_224929\605016067.pdf,92d887bc2d92d753f4d29ec7d2bfdc3702621336dde247bcda47be3f12ffb381,VERDE_SEGURO,NOVO_FASE6_BLOCO_05,extraidos_motor_fase6j_retry_block_05_flash,OFICIAL,RELEASE_V1_RETRY,true,false,INDEX_FLAG_PRECISA_REVISAO_MANUAL_OBSOLETA_DETECTADA,2026-05-06T01:26:53Z
drive-download-20260403T124026Z-3-001_224929\605016073.pdf,94621e99f53dcff1ee0acad3ae85f889fbb06e21bf6b63b330923aa907e71f64,VERDE_SEGURO,review/extraidos_motor_cycle20_pass1_flash_lite_24_categorized_safe_green_candidates.csv,extraidos_motor_cycle20_pass1_flash_lite_24_categorized_safe_green,OFICIAL,INDICE_VERDE_LIMPO,false,true,INDICE_VERDE_LIMPO_CRITERIO_ORIGINAL,2026-05-05T21:31:32Z
drive-download-20260403T124026Z-3-001_224929\605016074.pdf,6cf585fa97794c0ec3954fca8c365d74d46498f8f52540442ee122026e5d1515,VERDE_SEGURO,review/extraidos_motor_cycle20_pass1_flash_lite_24_categorized_safe_green_candidates.csv,extraidos_motor_cycle20_pass1_flash_lite_24_categorized_safe_green,OFICIAL,INDICE_VERDE_LIMPO,false,true,INDICE_VERDE_LIMPO_CRITERIO_ORIGINAL,2026-05-05T21:31:32Z
drive-download-20260403T124026Z-3-001_224929\605016077.pdf,9cd4332b493339fb78571bdcf45cfbe0ca92481163f7a99fb96e21f9570287b5,VERDE_SEGURO,review/extraidos_motor_cycle20_pass1_flash_lite_24_categorized_safe_green_candidates.csv,extraidos_motor_cycle20_pass1_flash_lite_24_categorized_safe_green,OFICIAL,INDICE_VERDE_LIMPO,false,true,INDICE_VERDE_LIMPO_CRITERIO_ORIGINAL,2026-05-05T21:31:32Z
drive-download-20260403T124026Z-3-001_224929\605016081.pdf,7f9f55f89f551f07f66d6f08c5723bfeeaaa78d79cf4899093ae0c1bb6b72372,VERDE_SEGURO,review/extraidos_motor_cycle20_pass1_flash_lite_24_categorized_safe_green_candidates.csv,extraidos_motor_cycle20_pass1_flash_lite_24_categorized_safe_green,OFICIAL,INDICE_VERDE_LIMPO,false,true,INDICE_VERDE_LIMPO_CRITERIO_ORIGINAL,2026-05-05T21:31:32Z
drive-download-20260403T124026Z-3-001_224929\605016082.pdf,70b949fa018ecb5df34f84fc205957fbc6d8efdd6937f11cbf30108d8b7abd2d,VERDE_SEGURO,review/extraidos_motor_cycle20_pass1_flash_lite_24_categorized_safe_green_candidates.csv,extraidos_motor_cycle20_pass1_flash_lite_24_categorized_safe_green,OFICIAL,INDICE_VERDE_LIMPO,false,true,INDICE_VERDE_LIMPO_CRITERIO_ORIGINAL,2026-05-05T21:31:32Z
drive-download-20260403T124026Z-3-001_224929\605016086.pdf,8ef369d1fabf58ad994a5c20c4afba288b124efbb029c27d70e1af02668ef321,VERDE_SEGURO,review/extraidos_motor_cycle20_pass1_flash_lite_24_categorized_safe_green_candidates.csv,extraidos_motor_cycle20_pass1_flash_lite_24_categorized_safe_green,OFICIAL,INDICE_VERDE_LIMPO,false,true,INDICE_VERDE_LIMPO_CRITERIO_ORIGINAL,2026-05-05T21:31:32Z
drive-download-20260403T124026Z-3-001_224929\605016089.pdf,e9ac42d99d9ac4ca26158134bf89a2ba0b2bb78c2190e6cbca70e1fd62ccf1cc,VERDE_SEGURO,NOVO_FASE6_BLOCO_05,extraidos_motor_fase6j_retry_block_05_flash,OFICIAL,RELEASE_V1_RETRY,true,true,INDEX_FLAG_PRECISA_REVISAO_MANUAL_OBSOLETA_DETECTADA,2026-05-06T01:26:53Z
drive-download-20260403T124026Z-3-001_224929\605016090 (2).pdf,c902b550cdc188c29e659eb58e797dd34c7375f577bf786fd1f3b3bd203624a0,VERDE_SEGURO,review/extraidos_motor_cycle20_pass1_flash_lite_24_categorized_safe_green_candidates.csv,extraidos_motor_cycle20_pass1_flash_lite_24_categorized_safe_green,OFICIAL,INDICE_VERDE_LIMPO,false,true,INDICE_VERDE_LIMPO_CRITERIO_ORIGINAL,2026-05-05T21:31:32Z
drive-download-20260403T124026Z-3-001_224929\605016090.pdf,96b687fba58d50eb736cfdb29f9cce97050b89a06fb9f22c18c185c36b9df399,VERDE_SEGURO,review/extraidos_motor_cycle20_pass1_flash_lite_24_categorized_safe_green_candidates.csv,extraidos_motor_cycle20_pass1_flash_lite_24_categorized_safe_green,OFICIAL,INDICE_VERDE_LIMPO,false,true,INDICE_VERDE_LIMPO_CRITERIO_ORIGINAL,2026-05-05T21:31:32Z
drive-download-20260403T124026Z-3-001_224929\605016091.pdf,47b62ab5a434487053cdd469c486f6ab8280d61f9a5fa0fa3c9e1db37bba6c9f,VERDE_SEGURO,review/extraidos_motor_cycle20_pass1_flash_lite_24_categorized_safe_green_candidates.csv,extraidos_motor_cycle20_pass1_flash_lite_24_categorized_safe_green,OFICIAL,INDICE_VERDE_LIMPO,false,true,INDICE_VERDE_LIMPO_CRITERIO_ORIGINAL,2026-05-05T21:31:32Z
drive-download-20260403T124026Z-3-001_224929\605016095.pdf,97421459537cd07a3281ccef7fbaf8dd9f4a8f5618388bc8312bcc0f5d710e30,VERDE_SEGURO,review/extraidos_motor_cycle20_pass1_flash_lite_24_categorized_safe_green_candidates.csv,extraidos_motor_cycle20_pass1_flash_lite_24_categorized_safe_green,OFICIAL,INDICE_VERDE_LIMPO,false,true,INDICE_VERDE_LIMPO_CRITERIO_ORIGINAL,2026-05-05T21:31:32Z
drive-download-20260403T124026Z-3-001_224929\605016097.pdf,c284f534bf348293c83d676b136a235f623138cfdb953e83921b151fe0ef2a09,VERDE_SEGURO,review/extraidos_motor_cycle20_pass1_flash_lite_25_categorized_safe_green_candidates.csv,extraidos_motor_cycle20_pass1_flash_lite_25_categorized_safe_green,OFICIAL,INDICE_VERDE_LIMPO,false,true,INDICE_VERDE_LIMPO_CRITERIO_ORIGINAL,2026-05-05T21:46:17Z
drive-download-20260403T124026Z-3-001_224929\605016098.pdf,6fa1f5e35d37a35f69c9237233c2d2f1ce431393bd415111ef1689fa71f4caf7,VERDE_SEGURO,review/extraidos_motor_cycle20_pass1_flash_lite_25_categorized_safe_green_candidates.csv,extraidos_motor_cycle20_pass1_flash_lite_25_categorized_safe_green,OFICIAL,INDICE_VERDE_LIMPO,false,true,INDICE_VERDE_LIMPO_CRITERIO_ORIGINAL,2026-05-05T21:46:17Z
drive-download-20260403T124026Z-3-001_224929\605016102.pdf,0fc5ac9516a90050edb305144322e75e67278534c619964bac773512bc9cb38a,VERDE_SEGURO,review/extraidos_motor_cycle20_pass1_flash_lite_25_categorized_safe_green_candidates.csv,extraidos_motor_cycle20_pass1_flash_lite_25_categorized_safe_green,OFICIAL,INDICE_VERDE_LIMPO,false,true,INDICE_VERDE_LIMPO_CRITERIO_ORIGINAL,2026-05-05T21:46:17Z
drive-download-20260403T124026Z-3-001_224929\605016103.pdf,a92ba111b776437e65b2ea348eaf52a9752f0cfcb4e2dbd7270ee6ca6a73a7be,VERDE_SEGURO,NOVO_FASE6_BLOCO_05,extraidos_motor_fase6j_retry_block_05_flash,OFICIAL,RELEASE_V1_RETRY,true,true,INDEX_FLAG_PRECISA_REVISAO_MANUAL_OBSOLETA_DETECTADA,2026-05-06T01:26:53Z
drive-download-20260403T124026Z-3-001_224929\605016104.pdf,92e45d66d20bbd32afbe072a1363a98e539dea09b4b07c0a7f5e321553948685,VERDE_SEGURO,review/extraidos_motor_cycle20_pass1_flash_lite_25_categorized_safe_green_candidates.csv,extraidos_motor_cycle20_pass1_flash_lite_25_categorized_safe_green,OFICIAL,INDICE_VERDE_LIMPO,false,true,INDICE_VERDE_LIMPO_CRITERIO_ORIGINAL,2026-05-05T21:46:17Z
drive-download-20260403T124026Z-3-001_224929\605016106.pdf,b80602064ed185a81c544cae70331b5a48acd0d5c0f30948b5101feade589c61,VERDE_SEGURO,review/extraidos_motor_cycle20_pass1_flash_lite_25_categorized_safe_green_candidates.csv,extraidos_motor_cycle20_pass1_flash_lite_25_categorized_safe_green,OFICIAL,INDICE_VERDE_LIMPO,false,true,INDICE_VERDE_LIMPO_CRITERIO_ORIGINAL,2026-05-05T21:46:17Z
drive-download-20260403T124026Z-3-001_224929\605016107.pdf,4323d32cfdc257e66c51dda6b8e3ccb57d2cf5402149a3da69c839b21736a3be,VERDE_SEGURO,review/extraidos_motor_cycle20_pass1_flash_lite_25_categorized_safe_green_candidates.csv,extraidos_motor_cycle20_pass1_flash_lite_25_categorized_safe_green,OFICIAL,INDICE_VERDE_LIMPO,false,true,INDICE_VERDE_LIMPO_CRITERIO_ORIGINAL,2026-05-05T21:46:17Z
drive-download-20260403T124026Z-3-001_224929\605016108.pdf,93e823b17931a1209351c0cd02087466596ef93ab819fccb74a32e898aa8cb3e,VERDE_SEGURO,review/extraidos_motor_cycle20_pass1_flash_lite_25_categorized_safe_green_candidates.csv,extraidos_motor_cycle20_pass1_flash_lite_25_categorized_safe_green,OFICIAL,INDICE_VERDE_LIMPO,false,true,INDICE_VERDE_LIMPO_CRITERIO_ORIGINAL,2026-05-05T21:46:17Z
drive-download-20260403T124026Z-3-001_224929\605016110.pdf,ce6a9831441b1477c01156547af283b2bd8941eed5d4dca99625f8c94e34fa49,VERDE_SEGURO,review/extraidos_motor_cycle20_pass1_flash_lite_25_categorized_safe_green_candidates.csv,extraidos_motor_cycle20_pass1_flash_lite_25_categorized_safe_green,OFICIAL,INDICE_VERDE_LIMPO,false,true,INDICE_VERDE_LIMPO_CRITERIO_ORIGINAL,2026-05-05T21:46:17Z
drive-download-20260403T124026Z-3-001_224929\605016111.pdf,8f08fbe99afbe357ddaa278e80239c1279a94fd468c399c7ec4d207b8e4d84d2,VERDE_SEGURO,NOVO_FASE6_BLOCO_06,extraidos_motor_fase6l_retry_block_06_flash,OFICIAL,RELEASE_V1_RETRY,true,false,INDEX_FLAG_PRECISA_REVISAO_MANUAL_OBSOLETA_DETECTADA,2026-05-05T21:46:17Z
drive-download-20260403T124026Z-3-001_224929\605016121.pdf,bb8e786fb6a4c7042d98453346e510cd7127a97d003dc987e06532feb39348fb,VERDE_SEGURO,NOVO_FASE6_BLOCO_06,extraidos_motor_fase6l_retry_block_06_flash,OFICIAL,RELEASE_V1_RETRY,true,false,INDEX_FLAG_PRECISA_REVISAO_MANUAL_OBSOLETA_DETECTADA,2026-05-05T21:46:17Z
drive-download-20260403T124026Z-3-001_224929\605016126 (2).pdf,04cb5703b915842032a55065a5e324008a8b35ae4b5536a8c8d74c4c3d1e972b,VERDE_SEGURO,review/extraidos_motor_cycle20_pass1_flash_lite_25_categorized_safe_green_candidates.csv,extraidos_motor_cycle20_pass1_flash_lite_25_categorized_safe_green,OFICIAL,INDICE_VERDE_LIMPO,false,true,INDICE_VERDE_LIMPO_CRITERIO_ORIGINAL,2026-05-05T21:46:17Z
drive-download-20260403T124026Z-3-001_224929\605016126.pdf,6606829b35df37a3f116c0a117ec0abc06f150d233ce2f32db413889d06296c0,VERDE_SEGURO,review/extraidos_motor_cycle20_pass1_flash_lite_25_categorized_safe_green_candidates.csv,extraidos_motor_cycle20_pass1_flash_lite_25_categorized_safe_green,OFICIAL,INDICE_VERDE_LIMPO,false,true,INDICE_VERDE_LIMPO_CRITERIO_ORIGINAL,2026-05-05T21:46:17Z
drive-download-20260403T124026Z-3-001_224929\605016129.pdf,d88136b7df6a7bd2f3004eb5541c16a8a8f71f491ae70cdde1c41b54647c6e33,VERDE_SEGURO,NOVO_FASE6_BLOCO_06,extraidos_motor_fase6l_retry_block_06_flash,OFICIAL,RELEASE_V1_RETRY,true,false,INDEX_FLAG_PRECISA_REVISAO_MANUAL_OBSOLETA_DETECTADA,2026-05-05T21:46:17Z
drive-download-20260403T124026Z-3-001_224929\605016134.pdf,a27aa090bda17b3008f7ac5f234a91b0888a63077a51894d04ca87559ecbe67c,VERDE_SEGURO,NOVO_FASE6_BLOCO_06,extraidos_motor_fase6l_retry_block_06_flash,OFICIAL,RELEASE_V1_RETRY,true,false,INDEX_FLAG_PRECISA_REVISAO_MANUAL_OBSOLETA_DETECTADA,2026-05-05T21:46:17Z
drive-download-20260403T124026Z-3-001_224929\605016135.pdf,90452836f86d1a5a1d4a993ff0ba1e4f7924ccc668726a69c38450dd5dd28bbd,VERDE_SEGURO,NOVO_FASE6_BLOCO_06,extraidos_motor_fase6l_retry_block_06_flash,OFICIAL,RELEASE_V1_RETRY,true,false,INDEX_FLAG_PRECISA_REVISAO_MANUAL_OBSOLETA_DETECTADA,2026-05-05T21:46:17Z
drive-download-20260403T124026Z-3-001_224929\605016136.pdf,9d28ff678848adc83a3233fecb5f68b930e025ffdd4e5a5ebb7279bc20112771,VERDE_SEGURO,review/extraidos_motor_cycle20_pass1_flash_lite_25_categorized_safe_green_candidates.csv,extraidos_motor_cycle20_pass1_flash_lite_25_categorized_safe_green,OFICIAL,INDICE_VERDE_LIMPO,false,true,INDICE_VERDE_LIMPO_CRITERIO_ORIGINAL,2026-05-05T21:46:17Z
drive-download-20260403T124026Z-3-001_224929\605016137.pdf,0bea6dd81615131efa93ea6749ce6acaa3b774278d5dc4dbd3e8aa3362a05d1c,VERDE_SEGURO,review/extraidos_motor_cycle20_pass1_flash_lite_25_categorized_safe_green_candidates.csv,extraidos_motor_cycle20_pass1_flash_lite_25_categorized_safe_green,OFICIAL,INDICE_VERDE_LIMPO,false,true,INDICE_VERDE_LIMPO_CRITERIO_ORIGINAL,2026-05-05T21:46:17Z
drive-download-20260403T124026Z-3-001_224929\605016138.pdf,c14cf46618a713058c6c236246f30a369c591087152826b00df9f76c3fc50922,VERDE_SEGURO,NOVO_FASE6_BLOCO_06,extraidos_motor_fase6l_retry_block_06_flash,OFICIAL,RELEASE_V1_RETRY,true,false,INDEX_FLAG_PRECISA_REVISAO_MANUAL_OBSOLETA_DETECTADA,2026-05-05T21:46:17Z
drive-download-20260403T124026Z-3-001_224929\605016167.pdf,fb15591f5ae0e346e68f0de9921888be810523b7bed42dbaeab1d35c4e14d641,VERDE_SEGURO,review/extraidos_motor_cycle20_pass1_flash_lite_25_categorized_safe_green_candidates.csv,extraidos_motor_cycle20_pass1_flash_lite_25_categorized_safe_green,OFICIAL,INDICE_VERDE_LIMPO,false,true,INDICE_VERDE_LIMPO_CRITERIO_ORIGINAL,2026-05-05T21:46:17Z
drive-download-20260403T124026Z-3-001_224929\605016169.pdf,a8ef2e01e34dc637b8af755e1b9bfb9502b180a9bce3f1d6771e55b462febeda,VERDE_SEGURO,NOVO_FASE6_BLOCO_06,extraidos_motor_fase6l_retry_block_06_flash,OFICIAL,RELEASE_V1_RETRY,true,false,INDEX_FLAG_PRECISA_REVISAO_MANUAL_OBSOLETA_DETECTADA,2026-05-05T22:09:44Z
drive-download-20260403T124026Z-3-001_224929\605016176.pdf,4ee49c45708c0d6cb9fab74b24835aa6ec94e4ec54c99ffc8d1622ff9433cb07,VERDE_SEGURO,review/extraidos_motor_cycle20_pass1_flash_lite_26_categorized_safe_green_candidates.csv,extraidos_motor_cycle20_pass1_flash_lite_26_categorized_safe_green,OFICIAL,INDICE_VERDE_LIMPO,false,true,INDICE_VERDE_LIMPO_CRITERIO_ORIGINAL,2026-05-05T22:09:44Z
drive-download-20260403T124026Z-3-001_224929\605016177.pdf,366434dc49ce48ffb3f9e0d6ef01da214e79ac0ffcb69ca8d4939a415b84e0b8,VERDE_SEGURO,review/extraidos_motor_cycle20_pass1_flash_lite_26_categorized_safe_green_candidates.csv,extraidos_motor_cycle20_pass1_flash_lite_26_categorized_safe_green,OFICIAL,INDICE_VERDE_LIMPO,false,true,INDICE_VERDE_LIMPO_CRITERIO_ORIGINAL,2026-05-05T22:09:44Z
drive-download-20260403T124026Z-3-001_224929\605016178.pdf,264b4e3741029339004d465dd0aa4fbfbefe393f9aacdc081e1deb84b229c922,VERDE_SEGURO,review/extraidos_motor_cycle20_pass1_flash_lite_26_categorized_safe_green_candidates.csv,extraidos_motor_cycle20_pass1_flash_lite_26_categorized_safe_green,OFICIAL,INDICE_VERDE_LIMPO,false,true,INDICE_VERDE_LIMPO_CRITERIO_ORIGINAL,2026-05-05T22:09:44Z
drive-download-20260403T124026Z-3-001_224929\605016179.pdf,b96ea8cf38a15f5dd1bcddb5d68e74f858be646e989fa508dfca2dfd1ad9b9f1,VERDE_SEGURO,NOVO_FASE6_BLOCO_06,extraidos_motor_fase6l_retry_block_06_flash,OFICIAL,RELEASE_V1_RETRY,true,false,INDEX_FLAG_PRECISA_REVISAO_MANUAL_OBSOLETA_DETECTADA,2026-05-05T22:09:44Z
drive-download-20260403T124026Z-3-001_224929\605016180.pdf,f6f9499b5e6c443c0b9ff2c5c108cc322c5da6da510c146118f518a777eae459,VERDE_SEGURO,NOVO_FASE6_BLOCO_07,extraidos_motor_fase6n_retry_block_07_flash,OFICIAL,RELEASE_V1_RETRY,true,false,INDEX_FLAG_PRECISA_REVISAO_MANUAL_OBSOLETA_DETECTADA,2026-05-05T22:09:44Z
drive-download-20260403T124026Z-3-001_224929\605016181.pdf,4ffeeaad7410d313e2dc70da263a117ddea13bc0a6726fafaadbb8adeb34188e,VERDE_SEGURO,NOVO_FASE6_BLOCO_07,extraidos_motor_fase6n_retry_block_07_flash,OFICIAL,RELEASE_V1_RETRY,true,false,INDEX_FLAG_PRECISA_REVISAO_MANUAL_OBSOLETA_DETECTADA,2026-05-05T22:09:44Z
drive-download-20260403T124026Z-3-001_224929\605016183.pdf,2acf72aefeb9fd42379f562c0d448deb4afdf6dc40a910534ca9053222515291,VERDE_SEGURO,review/extraidos_motor_cycle20_pass1_flash_lite_26_categorized_safe_green_candidates.csv,extraidos_motor_cycle20_pass1_flash_lite_26_categorized_safe_green,OFICIAL,INDICE_VERDE_LIMPO,false,true,INDICE_VERDE_LIMPO_CRITERIO_ORIGINAL,2026-05-05T22:09:44Z
drive-download-20260403T124026Z-3-001_224929\605016184.pdf,509e20ae2484948937f9578a9000813c6cd8ffeaa4e5971a0fb63486133d6de4,VERDE_SEGURO,NOVO_FASE6_BLOCO_07,extraidos_motor_fase6n_retry_block_07_flash,OFICIAL,RELEASE_V1_RETRY,true,false,INDEX_FLAG_PRECISA_REVISAO_MANUAL_OBSOLETA_DETECTADA,2026-05-05T22:09:44Z
drive-download-20260403T124026Z-3-001_224929\605016185.pdf,d5ec23f877483a81365d7ace1ded1f3e891680c00959d418959519466887511e,VERDE_SEGURO,review/extraidos_motor_cycle20_pass1_flash_lite_26_categorized_safe_green_candidates.csv,extraidos_motor_cycle20_pass1_flash_lite_26_categorized_safe_green,OFICIAL,INDICE_VERDE_LIMPO,false,true,INDICE_VERDE_LIMPO_CRITERIO_ORIGINAL,2026-05-05T22:09:44Z
drive-download-20260403T124026Z-3-001_224929\605016191.pdf,e2fe84bff18c082d1cbc5445eef856eb7cdd411a7bc12f591d0ff4e6b2ed28f9,VERDE_SEGURO,review/extraidos_motor_cycle20_pass1_flash_lite_26_categorized_safe_green_candidates.csv,extraidos_motor_cycle20_pass1_flash_lite_26_categorized_safe_green,OFICIAL,INDICE_VERDE_LIMPO,false,true,INDICE_VERDE_LIMPO_CRITERIO_ORIGINAL,2026-05-05T22:09:44Z
drive-download-20260403T124026Z-3-001_224929\605016192.pdf,e17c362eef48afe60ba2efa5a6456518cf4bc28125a4952bbf06a0d51d9cbf09,VERDE_SEGURO,review/extraidos_motor_cycle20_pass1_flash_lite_26_categorized_safe_green_candidates.csv,extraidos_motor_cycle20_pass1_flash_lite_26_categorized_safe_green,OFICIAL,INDICE_VERDE_LIMPO,false,true,INDICE_VERDE_LIMPO_CRITERIO_ORIGINAL,2026-05-05T22:09:44Z
drive-download-20260403T124026Z-3-001_224929\605016193.pdf,4b0b3f17c3a8b6896c636cdac4a1fb9764a30c590e1ef670bdacb47a98a685cb,VERDE_SEGURO,NOVO_FASE6_BLOCO_07,extraidos_motor_fase6n_retry_block_07_flash,OFICIAL,RELEASE_V1_RETRY,true,false,INDEX_FLAG_PRECISA_REVISAO_MANUAL_OBSOLETA_DETECTADA,2026-05-05T22:09:44Z
drive-download-20260403T124026Z-3-001_224929\605016194.pdf,34d3e4935e433f4a46620aa0e3e7af420d233eb3d29cf4bd7523726c5e050fae,VERDE_SEGURO,review/extraidos_motor_cycle20_pass1_flash_lite_26_categorized_safe_green_candidates.csv,extraidos_motor_cycle20_pass1_flash_lite_26_categorized_safe_green,OFICIAL,INDICE_VERDE_LIMPO,false,true,INDICE_VERDE_LIMPO_CRITERIO_ORIGINAL,2026-05-05T22:09:44Z
drive-download-20260403T124026Z-3-001_224929\605016195.pdf,949f1fb69e48dca4f665fbff8d4551d60d14b37ea102daa15ac334438213fe6e,VERDE_SEGURO,review/extraidos_motor_cycle20_pass1_flash_lite_26_categorized_safe_green_candidates.csv,extraidos_motor_cycle20_pass1_flash_lite_26_categorized_safe_green,OFICIAL,INDICE_VERDE_LIMPO,false,true,INDICE_VERDE_LIMPO_CRITERIO_ORIGINAL,2026-05-05T22:09:44Z
drive-download-20260403T124026Z-3-001_224929\605016196.pdf,e08dfd75af0f78d731323a07d282be58b8ee6b5af4cdd9ba462b787bb4e47828,VERDE_SEGURO,review/extraidos_motor_cycle20_pass1_flash_lite_26_categorized_safe_green_candidates.csv,extraidos_motor_cycle20_pass1_flash_lite_26_categorized_safe_green,OFICIAL,INDICE_VERDE_LIMPO,false,true,INDICE_VERDE_LIMPO_CRITERIO_ORIGINAL,2026-05-05T22:09:44Z
drive-download-20260403T124026Z-3-001_224929\605016199.pdf,b114a52b979c365d8e80eb79426b1a8ae8d785b013d697a861dd5079ea9f0016,VERDE_SEGURO,NOVO_FASE6_BLOCO_07,extraidos_motor_fase6n_retry_block_07_flash,OFICIAL,RELEASE_V1_RETRY,true,false,INDEX_FLAG_PRECISA_REVISAO_MANUAL_OBSOLETA_DETECTADA,2026-05-05T22:09:44Z
drive-download-20260403T124026Z-3-001_224929\605016200.pdf,e3f67420a9071fd01d27f24f9419164db7b9c5c0d8ec5a023e45c6e193032253,VERDE_SEGURO,review/extraidos_motor_cycle20_pass1_flash_lite_26_categorized_safe_green_candidates.csv,extraidos_motor_cycle20_pass1_flash_lite_26_categorized_safe_green,OFICIAL,INDICE_VERDE_LIMPO,false,true,INDICE_VERDE_LIMPO_CRITERIO_ORIGINAL,2026-05-05T22:09:44Z
drive-download-20260403T124026Z-3-001_224929\605016206.pdf,cae7327c5d8f9723b11309331e878f6822bddcc60456f6017fafb4522c4e1f90,VERDE_SEGURO,NOVO_FASE6_BLOCO_07,extraidos_motor_fase6n_retry_block_07_flash,OFICIAL,RELEASE_V1_RETRY,true,false,INDEX_FLAG_PRECISA_REVISAO_MANUAL_OBSOLETA_DETECTADA,2026-05-05T22:09:44Z
drive-download-20260403T124026Z-3-001_224929\605016222.pdf,3e5a7fce21c718f2f373bcb5789a461cb03fe0c54f3b63fdde9674e78fd0b437,VERDE_SEGURO,review/extraidos_motor_cycle20_pass1_flash_lite_27_categorized_safe_green_candidates.csv,extraidos_motor_cycle20_pass1_flash_lite_27_categorized_safe_green,OFICIAL,INDICE_VERDE_LIMPO,false,true,INDICE_VERDE_LIMPO_CRITERIO_ORIGINAL,2026-05-05T22:17:16Z
drive-download-20260403T124026Z-3-001_224929\605017002.pdf,6ffcd322572cf356c8e2d5ef092892c5b35e8da0f8bbba3f8f04746db4f6eda3,VERDE_SEGURO,review/extraidos_motor_cycle20_pass1_flash_lite_27_categorized_safe_green_candidates.csv,extraidos_motor_cycle20_pass1_flash_lite_27_categorized_safe_green,OFICIAL,INDICE_VERDE_LIMPO,false,true,INDICE_VERDE_LIMPO_CRITERIO_ORIGINAL,2026-05-05T22:17:16Z
drive-download-20260403T124026Z-3-001_224929\605017006.pdf,bc950346080db8a32509a9f8f85c122180fa71226a7782ccce20e46d426fada5,VERDE_SEGURO,review/extraidos_motor_cycle20_pass1_flash_lite_27_categorized_safe_green_candidates.csv,extraidos_motor_cycle20_pass1_flash_lite_27_categorized_safe_green,OFICIAL,INDICE_VERDE_LIMPO,false,true,INDICE_VERDE_LIMPO_CRITERIO_ORIGINAL,2026-05-05T22:17:16Z
drive-download-20260403T124026Z-3-001_224929\605017010.pdf,ad717b251352fc66cce729ebf3d86e27cb144477072b0d02a202ce23441b293b,VERDE_SEGURO,review/extraidos_motor_cycle20_pass1_flash_lite_27_categorized_safe_green_candidates.csv,extraidos_motor_cycle20_pass1_flash_lite_27_categorized_safe_green,OFICIAL,INDICE_VERDE_LIMPO,false,true,INDICE_VERDE_LIMPO_CRITERIO_ORIGINAL,2026-05-05T22:17:16Z
drive-download-20260403T124026Z-3-001_224929\605017011.pdf,543839f9c008b0a06394006097653193bffdebd27b2b06d43016ffb34b413fae,VERDE_SEGURO,review/extraidos_motor_cycle20_pass1_flash_lite_27_categorized_safe_green_candidates.csv,extraidos_motor_cycle20_pass1_flash_lite_27_categorized_safe_green,OFICIAL,INDICE_VERDE_LIMPO,false,true,INDICE_VERDE_LIMPO_CRITERIO_ORIGINAL,2026-05-05T22:17:16Z
drive-download-20260403T124026Z-3-001_224929\605017012.pdf,c01338e91234ba53cabf0538fb5cbad7b85d65b190e2ee15383790723496c866,VERDE_SEGURO,NOVO_FASE6_BLOCO_07,extraidos_motor_fase6n_retry_block_07_flash,OFICIAL,RELEASE_V1_RETRY,true,false,INDEX_FLAG_PRECISA_REVISAO_MANUAL_OBSOLETA_DETECTADA,2026-05-05T22:17:16Z
drive-download-20260403T124026Z-3-001_224929\605017013.pdf,3653a6cda5570ce1aeb2b3ca0f00f8444029f75587bc67e3e79c70f218c9754c,VERDE_SEGURO,NOVO_FASE6_BLOCO_08,extraidos_motor_fase6p_retry_block_08_flash,OFICIAL,RELEASE_V1_RETRY,true,false,INDEX_FLAG_PRECISA_REVISAO_MANUAL_OBSOLETA_DETECTADA,2026-05-05T22:17:16Z
drive-download-20260403T124026Z-3-001_224929\605017015.pdf,68f2e1eeeb597209e272e4e52808f82e418a3ae3c666f3543a9aaa4a475203a5,VERDE_SEGURO,review/extraidos_motor_cycle20_pass1_flash_lite_27_categorized_safe_green_candidates.csv,extraidos_motor_cycle20_pass1_flash_lite_27_categorized_safe_green,OFICIAL,INDICE_VERDE_LIMPO,false,true,INDICE_VERDE_LIMPO_CRITERIO_ORIGINAL,2026-05-05T22:17:16Z
drive-download-20260403T124026Z-3-001_224929\605018016.pdf,bc5baa79c5f91d4e51c26948f2681641b88bb26608fb8a4c186caec43c9245cf,VERDE_SEGURO,review/extraidos_motor_cycle20_pass1_flash_lite_27_categorized_safe_green_candidates.csv,extraidos_motor_cycle20_pass1_flash_lite_27_categorized_safe_green,OFICIAL,INDICE_VERDE_LIMPO,false,true,INDICE_VERDE_LIMPO_CRITERIO_ORIGINAL,2026-05-05T22:17:16Z
drive-download-20260403T124026Z-3-001_224929\605018019.pdf,54a53dba17ff56c2b9f09bd720a81dd973c6165d9c0781c1f0560c42bef7216b,VERDE_SEGURO,review/extraidos_motor_cycle20_pass1_flash_lite_27_categorized_safe_green_candidates.csv,extraidos_motor_cycle20_pass1_flash_lite_27_categorized_safe_green,OFICIAL,INDICE_VERDE_LIMPO,false,true,INDICE_VERDE_LIMPO_CRITERIO_ORIGINAL,2026-05-05T22:17:16Z
drive-download-20260403T124026Z-3-001_224929\605018020.pdf,fb0f64105f834a91c543e173a6e2b97a24dc6fb964a9087e6c8548a97f2cfe94,VERDE_SEGURO,review/extraidos_motor_cycle20_pass1_flash_lite_27_categorized_safe_green_candidates.csv,extraidos_motor_cycle20_pass1_flash_lite_27_categorized_safe_green,OFICIAL,INDICE_VERDE_LIMPO,false,true,INDICE_VERDE_LIMPO_CRITERIO_ORIGINAL,2026-05-05T22:17:16Z
drive-download-20260403T124026Z-3-001_224929\605018025.pdf,a646f2f559a3fd9d3f08b5afb96150ce451969be04d39d7459c033a9a967e2b2,VERDE_SEGURO,review/extraidos_motor_cycle20_pass1_flash_lite_27_categorized_safe_green_candidates.csv,extraidos_motor_cycle20_pass1_flash_lite_27_categorized_safe_green,OFICIAL,INDICE_VERDE_LIMPO,false,true,INDICE_VERDE_LIMPO_CRITERIO_ORIGINAL,2026-05-05T22:17:16Z
drive-download-20260403T124026Z-3-001_224929\605018028.pdf,7e3940139bc405708dde898fdb455f028e8a06a6c04f84f0141c133ac631bd0e,VERDE_SEGURO,NOVO_FASE6_BLOCO_08,extraidos_motor_fase6p_retry_block_08_flash,OFICIAL,RELEASE_V1_RETRY,true,false,INDEX_FLAG_PRECISA_REVISAO_MANUAL_OBSOLETA_DETECTADA,2026-05-05T22:17:16Z
drive-download-20260403T124026Z-3-001_224929\605018034.pdf,a0c2b0e8f7d3041f154784bb3f68ab53623f9eda58bb20bb72c6b3cd435b8878,VERDE_SEGURO,review/extraidos_motor_cycle20_pass1_flash_lite_27_categorized_safe_green_candidates.csv,extraidos_motor_cycle20_pass1_flash_lite_27_categorized_safe_green,OFICIAL,INDICE_VERDE_LIMPO,false,true,INDICE_VERDE_LIMPO_CRITERIO_ORIGINAL,2026-05-05T22:17:16Z
drive-download-20260403T124026Z-3-001_224929\605023001.pdf,26a5a0b7558538d7b6c349613779453021838ad981bda523092cfe675849070f,VERDE_SEGURO,NOVO_FASE6_BLOCO_08,extraidos_motor_fase6p_retry_block_08_flash,OFICIAL,RELEASE_V1_RETRY,true,false,INDEX_FLAG_PRECISA_REVISAO_MANUAL_OBSOLETA_DETECTADA,2026-05-05T22:17:16Z
drive-download-20260403T124026Z-3-001_224929\605023003.pdf,e2403d1e0238d1c7b97619152d05a755e349208b8b9a0faa5434e61e2071d4d3,VERDE_SEGURO,NOVO_FASE6_BLOCO_08,extraidos_motor_fase6p_retry_block_08_flash,OFICIAL,RELEASE_V1_RETRY,true,false,INDEX_FLAG_PRECISA_REVISAO_MANUAL_OBSOLETA_DETECTADA,2026-05-05T22:17:16Z
drive-download-20260403T124026Z-3-001_224929\605023004.pdf,27dc71611ac169d0661ba92bf1f0a23ece8ecd8ccb0111dd87009a7fd10619b9,VERDE_SEGURO,review/extraidos_motor_cycle20_pass1_flash_lite_27_categorized_safe_green_candidates.csv,extraidos_motor_cycle20_pass1_flash_lite_27_categorized_safe_green,OFICIAL,INDICE_VERDE_LIMPO,false,true,INDICE_VERDE_LIMPO_CRITERIO_ORIGINAL,2026-05-05T22:17:16Z
drive-download-20260403T124026Z-3-001_224929\605023005.pdf,0cbf9e065ab78d8012fc682e1337bc525631c6348d378c08274b0ae8edcbbf68,VERDE_SEGURO,review/extraidos_motor_cycle20_pass1_flash_lite_28_categorized_safe_green_candidates.csv,extraidos_motor_cycle20_pass1_flash_lite_28_categorized_safe_green,OFICIAL,INDICE_VERDE_LIMPO,false,true,INDICE_VERDE_LIMPO_CRITERIO_ORIGINAL,2026-05-05T22:25:06Z
drive-download-20260403T124026Z-3-001_224929\605023007.pdf,49b5dd0c20834b3bc12862c0b488389f0da29c1c1e885d9b1d09f73e7d970fb9,VERDE_SEGURO,review/extraidos_motor_cycle20_pass1_flash_lite_28_categorized_safe_green_candidates.csv,extraidos_motor_cycle20_pass1_flash_lite_28_categorized_safe_green,OFICIAL,INDICE_VERDE_LIMPO,false,true,INDICE_VERDE_LIMPO_CRITERIO_ORIGINAL,2026-05-05T22:25:06Z
drive-download-20260403T124026Z-3-001_224929\605023008.pdf,16b5e9390c57dc66b3129c725519e70aeb5345b6d653a4edc902bc78e4da693c,VERDE_SEGURO,review/extraidos_motor_cycle20_pass1_flash_lite_28_categorized_safe_green_candidates.csv,extraidos_motor_cycle20_pass1_flash_lite_28_categorized_safe_green,OFICIAL,INDICE_VERDE_LIMPO,false,true,INDICE_VERDE_LIMPO_CRITERIO_ORIGINAL,2026-05-05T22:25:06Z
drive-download-20260403T124026Z-3-001_224929\605023101.pdf,e7c2aaac63bdc6b8657b6d6c9d39c836979d24257d18ac65aa4de50add7d4d9f,VERDE_SEGURO,review/extraidos_motor_cycle20_pass1_flash_lite_28_categorized_safe_green_candidates.csv,extraidos_motor_cycle20_pass1_flash_lite_28_categorized_safe_green,OFICIAL,INDICE_VERDE_LIMPO,false,true,INDICE_VERDE_LIMPO_CRITERIO_ORIGINAL,2026-05-05T22:25:06Z
drive-download-20260403T124026Z-3-001_224929\605023103.pdf,f8eec144bcb5d248bbd3d80ccd43106c317a450f9546e6c9ba6ed6de0f3d7562,VERDE_SEGURO,review/extraidos_motor_cycle20_pass1_flash_lite_28_categorized_safe_green_candidates.csv,extraidos_motor_cycle20_pass1_flash_lite_28_categorized_safe_green,OFICIAL,INDICE_VERDE_LIMPO,false,true,INDICE_VERDE_LIMPO_CRITERIO_ORIGINAL,2026-05-05T22:25:06Z
drive-download-20260403T124026Z-3-001_224929\605023105.pdf,9dad14c4109a94ddf2bc180aa0bc6569c38e84e145d86760a8f9637a552091da,VERDE_SEGURO,review/extraidos_motor_cycle20_pass1_flash_lite_28_categorized_safe_green_candidates.csv,extraidos_motor_cycle20_pass1_flash_lite_28_categorized_safe_green,OFICIAL,INDICE_VERDE_LIMPO,false,true,INDICE_VERDE_LIMPO_CRITERIO_ORIGINAL,2026-05-05T22:25:06Z
drive-download-20260403T124026Z-3-001_224929\605023106.pdf,c71488de62cdded3721246e7adb23fa1775890c0efb6c79b0c0545b6bd047c2a,VERDE_SEGURO,NOVO_FASE6_BLOCO_08,extraidos_motor_fase6p_retry_block_08_flash,OFICIAL,RELEASE_V1_RETRY,true,false,INDEX_FLAG_PRECISA_REVISAO_MANUAL_OBSOLETA_DETECTADA,2026-05-05T22:25:06Z
drive-download-20260403T124026Z-3-001_224929\605023404.pdf,92a5ae95daa197d61ea29ab15f3d4dfb0a74910fb76747fc5cc3e8ff53fc586b,VERDE_SEGURO,review/extraidos_motor_cycle20_pass1_flash_lite_28_categorized_safe_green_candidates.csv,extraidos_motor_cycle20_pass1_flash_lite_28_categorized_safe_green,OFICIAL,INDICE_VERDE_LIMPO,false,true,INDICE_VERDE_LIMPO_CRITERIO_ORIGINAL,2026-05-05T22:25:06Z
drive-download-20260403T124026Z-3-001_224929\605023405.pdf,6b68a1f3b30d21b4e9990d9fd1fecdffb9bb504b3e70523d34eef099bf670613,VERDE_SEGURO,NOVO_FASE6_BLOCO_09,extraidos_motor_fase6r_retry_block_09_flash,OFICIAL,RELEASE_V1_RETRY,true,false,INDEX_FLAG_PRECISA_REVISAO_MANUAL_OBSOLETA_DETECTADA,2026-05-05T22:25:06Z
drive-download-20260403T124026Z-3-001_224929\605023406.pdf,73563d9bedc75e7834f5f56477b0b990f23d4e2ee5812e75efdf1accd819a2d2,VERDE_SEGURO,review/extraidos_motor_cycle20_pass1_flash_lite_28_categorized_safe_green_candidates.csv,extraidos_motor_cycle20_pass1_flash_lite_28_categorized_safe_green,OFICIAL,INDICE_VERDE_LIMPO,false,true,INDICE_VERDE_LIMPO_CRITERIO_ORIGINAL,2026-05-05T22:25:06Z
drive-download-20260403T124026Z-3-001_224929\605023408.pdf,c167a67e2758903b987e3be17f7c606b592150179aea4b00da0537020c3acd31,VERDE_SEGURO,review/extraidos_motor_cycle20_pass1_flash_lite_28_categorized_safe_green_candidates.csv,extraidos_motor_cycle20_pass1_flash_lite_28_categorized_safe_green,OFICIAL,INDICE_VERDE_LIMPO,false,true,INDICE_VERDE_LIMPO_CRITERIO_ORIGINAL,2026-05-05T22:25:06Z
drive-download-20260403T124026Z-3-001_224929\605026001.pdf,d67e880fa55377dca3e1a85a8f5daa043ffd491b08500b6d150031acd8df5f79,VERDE_SEGURO,NOVO_FASE6_BLOCO_09,extraidos_motor_fase6r_retry_block_09_flash,OFICIAL,RELEASE_V1_RETRY,true,false,INDEX_FLAG_PRECISA_REVISAO_MANUAL_OBSOLETA_DETECTADA,2026-05-05T22:25:06Z
drive-download-20260403T124026Z-3-001_224929\605026003.pdf,d3d84589816b4b90b60fd6e8f3d276663a53c5322860ea375fa75cf3e502be19,VERDE_SEGURO,NOVO_FASE6_BLOCO_09,extraidos_motor_fase6r_retry_block_09_flash,OFICIAL,RELEASE_V1_RETRY,true,false,INDEX_FLAG_PRECISA_REVISAO_MANUAL_OBSOLETA_DETECTADA,2026-05-05T22:25:06Z
drive-download-20260403T124026Z-3-001_224929\605027001.pdf,77403f220dc17d7cec696920fdc6218c2f3531414cc7d066f66b9f4295bcb5a2,VERDE_SEGURO,NOVO_FASE6_BLOCO_09,extraidos_motor_fase6r_retry_block_09_flash,OFICIAL,RELEASE_V1_RETRY,true,false,INDEX_FLAG_PRECISA_REVISAO_MANUAL_OBSOLETA_DETECTADA,2026-05-05T22:25:06Z
drive-download-20260403T124026Z-3-001_224929\605027002.pdf,38201a6b14aac66336bae46bf6916e24c40d9aa90d4bf109e5d9e047461c0a66,VERDE_SEGURO,NOVO_FASE6_BLOCO_09,extraidos_motor_fase6r_retry_block_09_flash,OFICIAL,RELEASE_V1_RETRY,true,false,INDEX_FLAG_PRECISA_REVISAO_MANUAL_OBSOLETA_DETECTADA,2026-05-05T22:25:06Z
drive-download-20260403T124026Z-3-001_224929\605028001.pdf,d2c3acfc2f518f92bd946788f942245dbe05d444d27b6a56dc36f8c329656e46,VERDE_SEGURO,NOVO_FASE6_BLOCO_09,extraidos_motor_fase6r_retry_block_09_flash,OFICIAL,RELEASE_V1_RETRY,true,false,INDEX_FLAG_PRECISA_REVISAO_MANUAL_OBSOLETA_DETECTADA,2026-05-05T22:25:06Z
drive-download-20260403T124026Z-3-001_224929\605028002.pdf,6b75b4cbb87e5cb7fd0ecfebfd70e3adfb32b0c289bccc3a07f825b273950cd1,VERDE_SEGURO,NOVO_FASE6_BLOCO_09,extraidos_motor_fase6r_retry_block_09_flash,OFICIAL,RELEASE_V1_RETRY,true,false,INDEX_FLAG_PRECISA_REVISAO_MANUAL_OBSOLETA_DETECTADA,2026-05-05T22:25:06Z
drive-download-20260403T124026Z-3-001_224929\605028003.pdf,a2a65b4b942ea8b398a3008c2f7371e4ad8d19e03a6b79f044ccd4a706a8062a,VERDE_SEGURO,NOVO_FASE6_BLOCO_10,extraidos_motor_fase6t_retry_block_10_flash,OFICIAL,RELEASE_V1_RETRY,true,false,INDEX_FLAG_PRECISA_REVISAO_MANUAL_OBSOLETA_DETECTADA,2026-05-05T22:25:06Z
drive-download-20260403T124026Z-3-001_224929\605028004.pdf,00f656a9aa48c46292cd241298723a3d5b83d39bda6755c1cebe0f76e6bde954,VERDE_SEGURO,NOVO_FASE6_BLOCO_10,extraidos_motor_fase6t_retry_block_10_flash,OFICIAL,RELEASE_V1_RETRY,true,false,INDEX_FLAG_PRECISA_REVISAO_MANUAL_OBSOLETA_DETECTADA,2026-05-05T22:25:06Z
drive-download-20260403T124026Z-3-001_224929\605028005.pdf,370ef811ec6a90b32747545a08a4b99e272daf764af34ea276312bf25f6672b7,VERDE_SEGURO,,extraidos_motor_fase7a_pass1_v2_block_01_flash,OFICIAL,PASS1_V2_BLOCO_01_RECONCILIADO,false,false,INDEX_SEM_FLAG_MANUAL_OU_CONSISTENTE,
drive-download-20260403T124026Z-3-001_224929\605028006.pdf,fd88c3fe41669e7aa7674e3f0fce999ab5a54a76e2f7a875bc559b2972ee8707,VERDE_SEGURO,,extraidos_motor_fase7a_pass1_v2_block_01_flash,OFICIAL,PASS1_V2_BLOCO_01_RECONCILIADO,false,false,INDEX_SEM_FLAG_MANUAL_OU_CONSISTENTE,
drive-download-20260403T124026Z-3-001_224929\605028007.pdf,c8ad7cbe60a41e2dad5a23feaba19a3b46cd8af7f08247ba4749772fd83da05d,VERDE_SEGURO,,extraidos_motor_fase7a_pass1_v2_block_01_flash,OFICIAL,PASS1_V2_BLOCO_01_RECONCILIADO,false,false,INDEX_SEM_FLAG_MANUAL_OU_CONSISTENTE,
drive-download-20260403T124026Z-3-001_224929\605028008.pdf,7ec651cda77151b7a9f696d36a16e29c3b75355c71a3d73d3c1a2a88460afa1c,VERDE_SEGURO,,extraidos_motor_fase7a_pass1_v2_block_01_flash,OFICIAL,PASS1_V2_BLOCO_01_RECONCILIADO,false,false,INDEX_SEM_FLAG_MANUAL_OU_CONSISTENTE,
drive-download-20260403T124026Z-3-001_224929\605028009.pdf,33541a26b569f5300aef43c139322c4382e540ff6c4b246548473148977eceed,VERDE_SEGURO,,extraidos_motor_fase7a_pass1_v2_block_01_flash,OFICIAL,PASS1_V2_BLOCO_01_RECONCILIADO,false,false,INDEX_SEM_FLAG_MANUAL_OU_CONSISTENTE,
drive-download-20260403T124026Z-3-001_224929\605028010.pdf,e2225f1891af13f88d9494881640dc24ad7490111dcdaeb25e8b9511493981f1,VERDE_SEGURO,,extraidos_motor_fase7a_pass1_v2_block_01_flash,OFICIAL,PASS1_V2_BLOCO_01_RECONCILIADO,false,false,INDEX_SEM_FLAG_MANUAL_OU_CONSISTENTE,
drive-download-20260403T124026Z-3-001_224929\605028012.pdf,ce9f795333b175e6c50257a82c62f1be059b57ef490a8bd4e338f3e49cb0b883,VERDE_SEGURO,,extraidos_motor_fase7a_pass1_v2_block_01_flash,OFICIAL,PASS1_V2_BLOCO_01_RECONCILIADO,false,false,INDEX_SEM_FLAG_MANUAL_OU_CONSISTENTE,
drive-download-20260403T124026Z-3-001_224929\605028013.pdf,b1d0b8b265d8261ea1868f14247d8f87e52edb5fb43f5fef1e719d502ba2a2b5,VERDE_SEGURO,,extraidos_motor_fase7a_pass1_v2_block_02_flash,OFICIAL,PASS1_V2_BLOCO_02_RECONCILIADO,false,false,INDEX_SEM_FLAG_MANUAL_OU_CONSISTENTE,
drive-download-20260403T124026Z-3-001_224929\605028107.pdf,82aabeb838eb3826531e6ea054653e09c15a1f3a491627d6ad3623fd491d19f7,VERDE_SEGURO,,extraidos_motor_fase7a_pass1_v2_block_02_flash,OFICIAL,PASS1_V2_BLOCO_02_RECONCILIADO,false,false,INDEX_SEM_FLAG_MANUAL_OU_CONSISTENTE,
drive-download-20260403T124026Z-3-001_224929\605028108.pdf,eaa412aedb22b4e4e7a33a3cf47684b54cfe0508640e835c69c5112e19d015e6,VERDE_SEGURO,,extraidos_motor_fase7a_pass1_v2_block_02_flash,OFICIAL,PASS1_V2_BLOCO_02_RECONCILIADO,false,false,INDEX_SEM_FLAG_MANUAL_OU_CONSISTENTE,
drive-download-20260403T124026Z-3-001_224929\605028109.pdf,b5881ce88fbb27d7869cdaaa3ec308aaa9ab06f9d4a266af5a952cf90edebd36,VERDE_SEGURO,,extraidos_motor_fase7a_pass1_v2_block_02_flash,OFICIAL,PASS1_V2_BLOCO_02_RECONCILIADO,false,false,INDEX_SEM_FLAG_MANUAL_OU_CONSISTENTE,
drive-download-20260403T124026Z-3-001_224929\605028110.pdf,85be80264fce821f8ecc2e76ea9afc246b4e251984332f55380dd5245cde5e4b,VERDE_SEGURO,,extraidos_motor_fase7a_pass1_v2_block_02_flash,OFICIAL,PASS1_V2_BLOCO_02_RECONCILIADO,false,false,INDEX_SEM_FLAG_MANUAL_OU_CONSISTENTE,
drive-download-20260403T124026Z-3-001_224929\605028112.pdf,79bc1fe402b2deb2adf2c246bc4550aded5855247a320c7cad7f4be7e1283bb2,VERDE_SEGURO,,extraidos_motor_fase7a_pass1_v2_block_02_flash,OFICIAL,PASS1_V2_BLOCO_02_RECONCILIADO,false,false,INDEX_SEM_FLAG_MANUAL_OU_CONSISTENTE,
drive-download-20260403T124026Z-3-001_224929\605028113.pdf,60f0480d9a646d8dca7969285c58efaf6a081156caa83293dbddb81d379a13e7,VERDE_SEGURO,,extraidos_motor_fase7a_pass1_v2_block_02_flash,OFICIAL,PASS1_V2_BLOCO_02_RECONCILIADO,false,false,INDEX_SEM_FLAG_MANUAL_OU_CONSISTENTE,
drive-download-20260403T124026Z-3-001_224929\605028114.pdf,4f8d4dbc2839fd93385a544f8b43b3e9663c707b54dcf0e717454a1aa8da10f4,VERDE_SEGURO,,extraidos_motor_fase7a_pass1_v2_block_02_flash,OFICIAL,PASS1_V2_BLOCO_02_RECONCILIADO,false,false,INDEX_SEM_FLAG_MANUAL_OU_CONSISTENTE,
drive-download-20260403T124026Z-3-001_224929\605028314.pdf,5209e73ef734c3ce6a9bddf9546eba910e3ad568a826e8a73d8b90f5c6b82bfd,VERDE_SEGURO,,extraidos_motor_fase7a_pass1_v2_block_02_flash,OFICIAL,PASS1_V2_BLOCO_02_RECONCILIADO,false,false,INDEX_SEM_FLAG_MANUAL_OU_CONSISTENTE,
drive-download-20260403T124026Z-3-001_224929\605028507.pdf,8c2ae2c8d2329de0a2abdfcf261e614f310e8b7f26b066642f2900f5d82506f5,VERDE_SEGURO,,extraidos_motor_fase7a_pass1_v2_block_02_flash,OFICIAL,PASS1_V2_BLOCO_02_RECONCILIADO,false,false,INDEX_SEM_FLAG_MANUAL_OU_CONSISTENTE,
drive-download-20260403T124026Z-3-001_224929\605028508.pdf,9d08bcb952f165d0e1498a4746022d2a913a1a23ebc68730838296a133b9619b,VERDE_SEGURO,,extraidos_motor_fase7a_pass1_v2_block_02_flash,OFICIAL,PASS1_V2_BLOCO_02_RECONCILIADO,false,false,INDEX_SEM_FLAG_MANUAL_OU_CONSISTENTE,
drive-download-20260403T124026Z-3-001_224929\605028509.pdf,0df2969267b2dd5f7982c42a07d031d80181ee764595b501b0ba4ab90546ed74,VERDE_SEGURO,,extraidos_motor_fase7a_pass1_v2_block_03_flash,OFICIAL,PASS1_V2_BLOCO_03_RECONCILIADO,false,false,INDEX_SEM_FLAG_MANUAL_OU_CONSISTENTE,
drive-download-20260403T124026Z-3-001_224929\605028704.pdf,155012e081d0ca7f44f0019196944f334300a3788e815311e34ce29ab0f50e40,VERDE_SEGURO,,extraidos_motor_fase7a_pass1_v2_block_03_flash,OFICIAL,PASS1_V2_BLOCO_03_RECONCILIADO,false,false,INDEX_SEM_FLAG_MANUAL_OU_CONSISTENTE,
drive-download-20260403T124026Z-3-001_224929\605028705.pdf,f601265f22dbcf2f3516996d4ef7eacf744f9bd80d1a000a18b5a9de9cc1bf83,VERDE_SEGURO,,extraidos_motor_fase7a_pass1_v2_block_03_flash,OFICIAL,PASS1_V2_BLOCO_03_RECONCILIADO,false,false,INDEX_SEM_FLAG_MANUAL_OU_CONSISTENTE,
drive-download-20260403T124026Z-3-001_224929\605028706.pdf,4fa4f73c54c7df44e74cee6ac8a202847e156821ded7a1b862b3c32fdcc60fd1,VERDE_SEGURO,,extraidos_motor_fase7a_pass1_v2_block_03_flash,OFICIAL,PASS1_V2_BLOCO_03_RECONCILIADO,false,false,INDEX_SEM_FLAG_MANUAL_OU_CONSISTENTE,
drive-download-20260403T124026Z-3-001_224929\605028707.pdf,030d55003a17ae6b01605d15406f5da3e769d5642e6ceb971770ff1dafa0ee5b,VERDE_SEGURO,,extraidos_motor_fase7a_pass1_v2_block_03_flash,OFICIAL,PASS1_V2_BLOCO_03_RECONCILIADO,false,false,INDEX_SEM_FLAG_MANUAL_OU_CONSISTENTE,
drive-download-20260403T124026Z-3-001_224929\605028708.pdf,3254ba71ac35f79676f0f207e08e74f77b2ba59d1ba4d5db9c48b266617a6d29,VERDE_SEGURO,,extraidos_motor_fase7a_pass1_v2_block_03_flash,OFICIAL,PASS1_V2_BLOCO_03_RECONCILIADO,false,false,INDEX_SEM_FLAG_MANUAL_OU_CONSISTENTE,
drive-download-20260403T124026Z-3-001_224929\605028709.pdf,f7a997019ed7f2c851bb1c84522a01f239613befa249995df2ba063024387a98,VERDE_SEGURO,,extraidos_motor_fase7a_pass1_v2_block_03_flash,OFICIAL,PASS1_V2_BLOCO_03_RECONCILIADO,false,false,INDEX_SEM_FLAG_MANUAL_OU_CONSISTENTE,
drive-download-20260403T124026Z-3-001_224929\605028712.pdf,9b3fbfacfd52399fc4527bd1fd535ba7ef1d97c9ac8d6bd8e35a22fe94e4d825,VERDE_SEGURO,,extraidos_motor_fase7a_pass1_v2_block_03_flash,OFICIAL,PASS1_V2_BLOCO_03_RECONCILIADO,false,false,INDEX_SEM_FLAG_MANUAL_OU_CONSISTENTE,
drive-download-20260403T124026Z-3-001_224929\605028713.pdf,b13aee384f1f07a1827ea535ac576d6b23338e321095707974e8f9a40055d451,VERDE_SEGURO,,extraidos_motor_fase7a_pass1_v2_block_03_flash,OFICIAL,PASS1_V2_BLOCO_03_RECONCILIADO,false,false,INDEX_SEM_FLAG_MANUAL_OU_CONSISTENTE,
drive-download-20260403T124026Z-3-001_224929\605028716.pdf,3b938fab904d13b54e920f894a2c8d6168fb245c0bb15157631d55bfc9746784,VERDE_SEGURO,,extraidos_motor_fase7a_pass1_v2_block_03_flash,OFICIAL,PASS1_V2_BLOCO_03_RECONCILIADO,false,false,INDEX_SEM_FLAG_MANUAL_OU_CONSISTENTE,
drive-download-20260403T124026Z-3-001_224929\605029001.pdf,9d0990eabfa6a6c2733b99dce49ee3949e18114bc30d03a0c220cc3a5569bef3,VERDE_SEGURO,,extraidos_motor_fase7a_pass1_v2_block_03_flash,OFICIAL,PASS1_V2_BLOCO_03_RECONCILIADO,false,false,INDEX_SEM_FLAG_MANUAL_OU_CONSISTENTE,
drive-download-20260403T124026Z-3-001_224929\605029002.pdf,3ea3f2fb71ca2a5c6b14f08cc32b21ec595026b6aea9d8bea8121be5c19079b7,VERDE_SEGURO,,extraidos_motor_fase7a_pass1_v2_block_04_flash,OFICIAL,PASS1_V2_BLOCO_04_RECONCILIADO,false,false,INDEX_SEM_FLAG_MANUAL_OU_CONSISTENTE,
drive-download-20260403T124026Z-3-001_224929\605029003.pdf,1bd207ece6235d2379d29e4b882509eda66ce380f6ec88c85eebe91335466160,VERDE_SEGURO,,extraidos_motor_fase7a_pass1_v2_block_04_flash,OFICIAL,PASS1_V2_BLOCO_04_RECONCILIADO,false,false,INDEX_SEM_FLAG_MANUAL_OU_CONSISTENTE,
drive-download-20260403T124026Z-3-001_224929\605029004.pdf,aa280b56398a5b6101b25a6674ececcf04c6a2302173abdff9212e13a2a05904,VERDE_SEGURO,,extraidos_motor_fase7a_pass1_v2_block_04_flash,OFICIAL,PASS1_V2_BLOCO_04_RECONCILIADO,false,false,INDEX_SEM_FLAG_MANUAL_OU_CONSISTENTE,
drive-download-20260403T124026Z-3-001_224929\605029005.pdf,d4a7ad848ab3394b3eb28fcc133d1e04be7aa749c8d668c2ba12c6498369a5c2,VERDE_SEGURO,,extraidos_motor_fase7a_pass1_v2_block_04_flash,OFICIAL,PASS1_V2_BLOCO_04_RECONCILIADO,false,false,INDEX_SEM_FLAG_MANUAL_OU_CONSISTENTE,
drive-download-20260403T124026Z-3-001_224929\605029006.pdf,ec85cf852043963b6d46c4f4fbfdef085cb79db63c92e3b5059b928d81b5c2e0,VERDE_SEGURO,,extraidos_motor_fase7a_pass1_v2_block_04_flash,OFICIAL,PASS1_V2_BLOCO_04_RECONCILIADO,false,false,INDEX_SEM_FLAG_MANUAL_OU_CONSISTENTE,
drive-download-20260403T124026Z-3-001_224929\605029008.pdf,076cdc11c972ccb4c7176d0659554f487fff85661048fb803bc8fe626149d5b8,VERDE_SEGURO,,extraidos_motor_fase7a_pass1_v2_block_04_flash,OFICIAL,PASS1_V2_BLOCO_04_RECONCILIADO,false,false,INDEX_SEM_FLAG_MANUAL_OU_CONSISTENTE,
drive-download-20260403T124026Z-3-001_224929\605029011.pdf,ac04dcd1cb24893339774443c7a8421cf2a2254a24827dbb6bbba757d0763e18,VERDE_SEGURO,,extraidos_motor_fase7a_pass1_v2_block_04_flash,OFICIAL,PASS1_V2_BLOCO_04_RECONCILIADO,false,false,INDEX_SEM_FLAG_MANUAL_OU_CONSISTENTE,
drive-download-20260403T124026Z-3-001_224929\605029012.pdf,3dec321f4a613f171e4c49a56c8047abddc6e3d006d82cf2551ea14550c5065b,VERDE_SEGURO,,extraidos_motor_fase7a_pass1_v2_block_04_flash,OFICIAL,PASS1_V2_BLOCO_04_RECONCILIADO,false,false,INDEX_SEM_FLAG_MANUAL_OU_CONSISTENTE,
drive-download-20260403T124026Z-3-001_224929\605029013.pdf,1fa0c580d0d5175f1bab5f3f28bd81f86dc9be37acc8a680149cdaeca6f159ac,VERDE_SEGURO,,extraidos_motor_fase7a_pass1_v2_block_04_flash,OFICIAL,PASS1_V2_BLOCO_04_RECONCILIADO,false,false,INDEX_SEM_FLAG_MANUAL_OU_CONSISTENTE,
drive-download-20260403T124026Z-3-001_224929\605029105.pdf,975446dcce14e57c37425d8a044f62cb409be3ab8f5725511a4cf9be54f8b0d2,VERDE_SEGURO,,extraidos_motor_fase7a_pass1_v2_block_04_flash,OFICIAL,PASS1_V2_BLOCO_04_RECONCILIADO,false,false,INDEX_SEM_FLAG_MANUAL_OU_CONSISTENTE,
drive-download-20260403T124026Z-3-001_224929\605029106.pdf,fd802eb1b9cee72d2b547f837104ec01dabccd12592df028314af3013c28f6c6,VERDE_SEGURO,,extraidos_motor_fase7a_pass1_v2_block_04_flash,OFICIAL,PASS1_V2_BLOCO_04_RECONCILIADO,false,false,INDEX_SEM_FLAG_MANUAL_OU_CONSISTENTE,
drive-download-20260403T124026Z-3-001_224929\605029107.pdf,f7ce8f88eb054dd198bef94db0b2212f2dedf3b506d142fbd4e43ab61b3bcf43,VERDE_SEGURO,,extraidos_motor_fase7a_pass1_v2_block_04_flash,OFICIAL,PASS1_V2_BLOCO_04_RECONCILIADO,false,false,INDEX_SEM_FLAG_MANUAL_OU_CONSISTENTE,
drive-download-20260403T124026Z-3-001_224929\605029108.pdf,c5d6494abebe020841738d53fdda4c2b6350bb463974fcef7a16e28da97f7774,VERDE_SEGURO,,extraidos_motor_fase7a_pass1_v2_block_04_flash,OFICIAL,PASS1_V2_BLOCO_04_RECONCILIADO,false,false,INDEX_SEM_FLAG_MANUAL_OU_CONSISTENTE,
drive-download-20260403T124026Z-3-001_224929\605029109.pdf,53835aa49593112264bd535e79a7ef55b487b2a8ffb3dae4301df1f1ee9fdb74,VERDE_SEGURO,,extraidos_motor_fase7a_pass1_v2_block_05_flash,OFICIAL,PASS1_V2_BLOCO_05_RECONCILIADO,false,false,INDEX_SEM_FLAG_MANUAL_OU_CONSISTENTE,
drive-download-20260403T124026Z-3-001_224929\605029112.pdf,6e0dac6f8d434557a2db616de9f6975fb60077afeff4ff4b3196ef216fa6e219,VERDE_SEGURO,,extraidos_motor_fase7a_pass1_v2_block_05_flash,OFICIAL,PASS1_V2_BLOCO_05_RECONCILIADO,false,false,INDEX_SEM_FLAG_MANUAL_OU_CONSISTENTE,
drive-download-20260403T124026Z-3-001_224929\605029113.pdf,d1c010170aa87459f259da3f1b1cb460f615206eac40ee5c9a7517f9527afe97,VERDE_SEGURO,,extraidos_motor_fase7a_pass1_v2_block_05_flash,OFICIAL,PASS1_V2_BLOCO_05_RECONCILIADO,false,false,INDEX_SEM_FLAG_MANUAL_OU_CONSISTENTE,
drive-download-20260403T124026Z-3-001_224929\605029114.pdf,e5968e0fbd817fd43f0453e199895c80f00c1d6ee5f36b667ba071a5040eed14,VERDE_SEGURO,,extraidos_motor_fase7a_pass1_v2_block_05_flash,OFICIAL,PASS1_V2_BLOCO_05_RECONCILIADO,false,false,INDEX_SEM_FLAG_MANUAL_OU_CONSISTENTE,
drive-download-20260403T124026Z-3-001_224929\605029314.pdf,77e724a6ea07a029a4f355e58a359b6887bd3206270b675d6338517506fdc517,VERDE_SEGURO,,extraidos_motor_fase7a_pass1_v2_block_05_flash,OFICIAL,PASS1_V2_BLOCO_05_RECONCILIADO,false,false,INDEX_SEM_FLAG_MANUAL_OU_CONSISTENTE,
drive-download-20260403T124026Z-3-001_224929\605029316.pdf,9e776218085120879f1a4799dc3c52a9fc32333174cd7db38bd5ae9d9e9b1f8d,VERDE_SEGURO,,extraidos_motor_fase7a_pass1_v2_block_05_flash,OFICIAL,PASS1_V2_BLOCO_05_RECONCILIADO,false,false,INDEX_SEM_FLAG_MANUAL_OU_CONSISTENTE,
drive-download-20260403T124026Z-3-001_224929\605029506.pdf,2a77fcf7b25313a7b1af48db008de08e286fb76e7992b6bcb4abaf4e12b7e854,VERDE_SEGURO,,extraidos_motor_fase7a_pass1_v2_block_05_flash,OFICIAL,PASS1_V2_BLOCO_05_RECONCILIADO,false,false,INDEX_SEM_FLAG_MANUAL_OU_CONSISTENTE,
drive-download-20260403T124026Z-3-001_224929\605029507.pdf,2978f0271c986a61af10d8ff7a3e1d4bd99c02eb63a23a1f941a94a0007d7eda,VERDE_SEGURO,,extraidos_motor_fase7a_pass1_v2_block_05_flash,OFICIAL,PASS1_V2_BLOCO_05_RECONCILIADO,false,false,INDEX_SEM_FLAG_MANUAL_OU_CONSISTENTE,
drive-download-20260403T124026Z-3-001_224929\605029508.pdf,93b36cc5e63c11b27d14e864a5bd09d4e5d750d9b8b1172e899a28ab2bcdc2a5,VERDE_SEGURO,,extraidos_motor_fase7a_pass1_v2_block_05_flash,OFICIAL,PASS1_V2_BLOCO_05_RECONCILIADO,false,false,INDEX_SEM_FLAG_MANUAL_OU_CONSISTENTE,
drive-download-20260403T124026Z-3-001_224929\605029509.pdf,7ebb4ad4dff43f2404d9cf87897d7984ca0f2df2b063115b4926896392fe8a1c,VERDE_SEGURO,,extraidos_motor_fase7a_pass1_v2_block_05_flash,OFICIAL,PASS1_V2_BLOCO_05_RECONCILIADO,false,false,INDEX_SEM_FLAG_MANUAL_OU_CONSISTENTE,
drive-download-20260403T124026Z-3-001_224929\605029707.pdf,be9911a53eb18c5dd190fd83cd66c659a15889ea630c48a7c4a37702b249c224,VERDE_SEGURO,,extraidos_motor_fase7a_pass1_v2_block_05_flash,OFICIAL,PASS1_V2_BLOCO_05_RECONCILIADO,false,false,INDEX_SEM_FLAG_MANUAL_OU_CONSISTENTE,
drive-download-20260403T124026Z-3-001_224929\605029708.pdf,4e35bd01c02f214830770b7ca4c41851b8a7f72c16c809bc845213846c57bd6f,VERDE_SEGURO,,extraidos_motor_fase7a_pass1_v2_block_05_flash,OFICIAL,PASS1_V2_BLOCO_05_RECONCILIADO,false,false,INDEX_SEM_FLAG_MANUAL_OU_CONSISTENTE,
drive-download-20260403T124026Z-3-001_224929\605029709.pdf,440f52153f3153cb37cf058064a268306b7b1d272b041fb1da8e5186fa4011f8,VERDE_SEGURO,,extraidos_motor_fase7a_pass1_v2_block_06_flash,OFICIAL,PASS1_V2_BLOCO_06_RECONCILIADO,false,false,INDEX_SEM_FLAG_MANUAL_OU_CONSISTENTE,
drive-download-20260403T124026Z-3-001_224929\605029710.pdf,2d9c4daf747e1152e0e8226f98fdd4c3f7d3b1f8f986c2a5eea2c07958f2f14e,VERDE_SEGURO,,extraidos_motor_fase7a_pass1_v2_block_06_flash,OFICIAL,PASS1_V2_BLOCO_06_RECONCILIADO,false,false,INDEX_SEM_FLAG_MANUAL_OU_CONSISTENTE,
drive-download-20260403T124026Z-3-001_224929\605029711.pdf,3ac6c26bf31bcd5b2d23f93c6af17be25d0813427ff7f377d07dd49be608e2fb,VERDE_SEGURO,,extraidos_motor_fase7a_pass1_v2_block_06_flash,OFICIAL,PASS1_V2_BLOCO_06_RECONCILIADO,false,false,INDEX_SEM_FLAG_MANUAL_OU_CONSISTENTE,
drive-download-20260403T124026Z-3-001_224929\605029712.pdf,ad157d86e466b4d4cab40e99fe9de338bb58c1d13c95f510d2b94930c53dae28,VERDE_SEGURO,,extraidos_motor_fase7a_pass1_v2_block_06_flash,OFICIAL,PASS1_V2_BLOCO_06_RECONCILIADO,false,false,INDEX_SEM_FLAG_MANUAL_OU_CONSISTENTE,
drive-download-20260403T124026Z-3-001_224929\605029713.pdf,ba388e73b3d77ec9424908516a9db6e08fdfd4ded822f40aedb704fce900e35b,VERDE_SEGURO,,extraidos_motor_fase7a_pass1_v2_block_06_flash,OFICIAL,PASS1_V2_BLOCO_06_RECONCILIADO,false,false,INDEX_SEM_FLAG_MANUAL_OU_CONSISTENTE,
drive-download-20260403T124026Z-3-001_224929\605029714.pdf,3e77a9599226e814f18649435d95d6f7bb87e267d5d1aa3cc3711305a63663d2,VERDE_SEGURO,,extraidos_motor_fase7a_pass1_v2_block_06_flash,OFICIAL,PASS1_V2_BLOCO_06_RECONCILIADO,false,false,INDEX_SEM_FLAG_MANUAL_OU_CONSISTENTE,
drive-download-20260403T124026Z-3-001_224929\605029716.pdf,9067ec62cddf5a1b41192fc21551f11b8101e9a727beabc2c13ec4c5148bb827,VERDE_SEGURO,,extraidos_motor_fase7a_pass1_v2_block_06_flash,OFICIAL,PASS1_V2_BLOCO_06_RECONCILIADO,false,false,INDEX_SEM_FLAG_MANUAL_OU_CONSISTENTE,
drive-download-20260403T124026Z-3-001_224929\605030001.pdf,796f0980dcea210b8adaa7090724cc1e9e1ea7962794a655df679c7c32d4372f,VERDE_SEGURO,,extraidos_motor_fase7a_pass1_v2_block_06_flash,OFICIAL,PASS1_V2_BLOCO_06_RECONCILIADO,false,false,INDEX_SEM_FLAG_MANUAL_OU_CONSISTENTE,
drive-download-20260403T124026Z-3-001_224929\605030002.pdf,c47bf61b3aa5bc909428decf6b6c28c5c8e929bdae3aa338c6e27a34dd69e0e4,VERDE_SEGURO,,extraidos_motor_fase7a_pass1_v2_block_06_flash,OFICIAL,PASS1_V2_BLOCO_06_RECONCILIADO,false,false,INDEX_SEM_FLAG_MANUAL_OU_CONSISTENTE,
drive-download-20260403T124026Z-3-001_224929\605030004.pdf,0387a787c9331535556b274a1e591ab9e32ebb9caad5e678612cade6f39828c5,VERDE_SEGURO,,extraidos_motor_fase7a_pass1_v2_block_06_flash,OFICIAL,PASS1_V2_BLOCO_06_RECONCILIADO,false,false,INDEX_SEM_FLAG_MANUAL_OU_CONSISTENTE,
drive-download-20260403T124026Z-3-001_224929\605030005.pdf,bf03b6c34efb76bb2e264717efdc39d41a99b776f565a29e651f4d8e39f8cadc,VERDE_SEGURO,,extraidos_motor_fase7a_pass1_v2_block_06_flash,OFICIAL,PASS1_V2_BLOCO_06_RECONCILIADO,false,false,INDEX_SEM_FLAG_MANUAL_OU_CONSISTENTE,
drive-download-20260403T124026Z-3-001_224929\605031002.pdf,a5534f40f305fe6b667c3f62a0f4fd97ff51bc88086fd9767b77fbcc762e6a24,VERDE_SEGURO,,extraidos_motor_fase7a_pass1_v2_block_07_flash,OFICIAL,PASS1_V2_BLOCO_07_RECONCILIADO,false,false,INDEX_SEM_FLAG_MANUAL_OU_CONSISTENTE,
drive-download-20260403T124026Z-3-001_224929\605031003.pdf,ab7dcd52ed64f9e68716751bd405c0d5e376908b79332bf47ed9c4dcc8d4a84f,VERDE_SEGURO,,extraidos_motor_fase7a_pass1_v2_block_07_flash,OFICIAL,PASS1_V2_BLOCO_07_RECONCILIADO,false,false,INDEX_SEM_FLAG_MANUAL_OU_CONSISTENTE,
drive-download-20260403T124026Z-3-001_224929\605031011.pdf,4b08e9349feb465112987a977fc47254cb88320d622d580f7b01d6f80e6c52da,VERDE_SEGURO,,extraidos_motor_fase7a_pass1_v2_block_07_flash,OFICIAL,PASS1_V2_BLOCO_07_RECONCILIADO,false,false,INDEX_SEM_FLAG_MANUAL_OU_CONSISTENTE,
drive-download-20260403T124026Z-3-001_224929\605032009.pdf,de2c3b32664c01561a2fd165000a1e0a558251b4753c41b2bfccd72ea79fba32,VERDE_SEGURO,,extraidos_motor_fase7a_pass1_v2_block_07_flash,OFICIAL,PASS1_V2_BLOCO_07_RECONCILIADO,false,false,INDEX_SEM_FLAG_MANUAL_OU_CONSISTENTE,
drive-download-20260403T124026Z-3-001_224929\605033007.pdf,d0b7593868bce388ed35307bb002b60ff724d182a9f05b4747ed635d2feb8704,VERDE_SEGURO,,extraidos_motor_fase7a_pass1_v2_block_07_flash,OFICIAL,PASS1_V2_BLOCO_07_RECONCILIADO,false,false,INDEX_SEM_FLAG_MANUAL_OU_CONSISTENTE,
drive-download-20260403T124026Z-3-001_224929\605033008.pdf,d2e86c06e208f2da9bffa1e7182f636e8ec7bc39a3d9164524e5c799768ff5e0,VERDE_SEGURO,,extraidos_motor_fase7a_pass1_v2_block_07_flash,OFICIAL,PASS1_V2_BLOCO_07_RECONCILIADO,false,false,INDEX_SEM_FLAG_MANUAL_OU_CONSISTENTE,
drive-download-20260403T124026Z-3-001_224929\605033009.pdf,f7bde2600adc8107111d3537ccc57eaba8ebab427cdb3287f4a50af566e12e01,VERDE_SEGURO,,extraidos_motor_fase7a_pass1_v2_block_07_flash,OFICIAL,PASS1_V2_BLOCO_07_RECONCILIADO,false,false,INDEX_SEM_FLAG_MANUAL_OU_CONSISTENTE,
drive-download-20260403T124026Z-3-001_224929\605033010.pdf,90b2241782e26e2254e2e0d94a4ecbb4ae1beeb272c27ebc1433801e52beae13,VERDE_SEGURO,,extraidos_motor_fase7a_pass1_v2_block_07_flash,OFICIAL,PASS1_V2_BLOCO_07_RECONCILIADO,false,false,INDEX_SEM_FLAG_MANUAL_OU_CONSISTENTE,
drive-download-20260403T124026Z-3-001_224929\605034001.pdf,31d69e82fcec4cc81af9fb9af7c1d9da9968aa945f4cbbc4b0ef50d3ec0eddc2,VERDE_SEGURO,,extraidos_motor_fase7a_pass1_v2_block_07_flash,OFICIAL,PASS1_V2_BLOCO_07_RECONCILIADO,false,false,INDEX_SEM_FLAG_MANUAL_OU_CONSISTENTE,
drive-download-20260403T124026Z-3-001_224929\605034003.pdf,03dccaa5ab27a4cf13fe7f2b326b74e942daf0dc548cd6331c80d5bc72658de0,VERDE_SEGURO,,extraidos_motor_fase7a_pass1_v2_block_07_flash,OFICIAL,PASS1_V2_BLOCO_07_RECONCILIADO,false,false,INDEX_SEM_FLAG_MANUAL_OU_CONSISTENTE,
drive-download-20260403T124026Z-3-001_224929\605034004.pdf,1e590ecb411f6b183be9ce88036cf3060ce47443ee22e8f97191c03ceed969a7,VERDE_SEGURO,,extraidos_motor_fase7a_pass1_v2_block_07_flash,OFICIAL,PASS1_V2_BLOCO_07_RECONCILIADO,false,false,INDEX_SEM_FLAG_MANUAL_OU_CONSISTENTE,
drive-download-20260403T124026Z-3-001_224929\605034005.pdf,f62155199591d0a1536f52fc0c58d56063d6462235984306cacd6f058004a2fb,VERDE_SEGURO,,extraidos_motor_fase7a_pass1_v2_block_07_flash,OFICIAL,PASS1_V2_BLOCO_07_RECONCILIADO,false,false,INDEX_SEM_FLAG_MANUAL_OU_CONSISTENTE,
drive-download-20260403T124026Z-3-001_224929\605034006.pdf,413387da3c389cb4f81a3b435ebefb5a3fb3e2c565ceac3f853139b9a2801807,VERDE_SEGURO,,extraidos_motor_fase7a_pass1_v2_block_07_flash,OFICIAL,PASS1_V2_BLOCO_07_RECONCILIADO,false,false,INDEX_SEM_FLAG_MANUAL_OU_CONSISTENTE,
drive-download-20260403T124026Z-3-001_224929\605034009.pdf,2033bb4d2d3884a1360a84a04c23d86437faacd470fc20daf09a79491c729f93,VERDE_SEGURO,,extraidos_motor_fase7a_pass1_v2_block_08_flash,OFICIAL,PASS1_V2_BLOCO_08_RECONCILIADO,false,false,INDEX_SEM_FLAG_MANUAL_OU_CONSISTENTE,
drive-download-20260403T124026Z-3-001_224929\605035001.pdf,fa0357330a3fccee44208ba824fdefc7c59702b2330f0cb2f745323c6aaa5417,VERDE_SEGURO,,extraidos_motor_fase7a_pass1_v2_block_08_flash,OFICIAL,PASS1_V2_BLOCO_08_RECONCILIADO,false,false,INDEX_SEM_FLAG_MANUAL_OU_CONSISTENTE,
drive-download-20260403T124026Z-3-001_224929\605035002.pdf,bfe01248d99e15bad6d314bafff03bead124af79509d183f4852e587194f0764,VERDE_SEGURO,,extraidos_motor_fase7a_pass1_v2_block_08_flash,OFICIAL,PASS1_V2_BLOCO_08_RECONCILIADO,false,false,INDEX_SEM_FLAG_MANUAL_OU_CONSISTENTE,
drive-download-20260403T124026Z-3-001_224929\605035003.pdf,20b853ec7ae063a3154663660a190e921e8f5846da806e8b77e407f6f165a653,VERDE_SEGURO,,extraidos_motor_fase7a_pass1_v2_block_08_flash,OFICIAL,PASS1_V2_BLOCO_08_RECONCILIADO,false,false,INDEX_SEM_FLAG_MANUAL_OU_CONSISTENTE,
drive-download-20260403T124026Z-3-001_224929\605035004.pdf,129f8259066b0435741648bde3725064d9aa6b66a1972cf12ad6948436f640ee,VERDE_SEGURO,,extraidos_motor_fase7a_pass1_v2_block_08_flash,OFICIAL,PASS1_V2_BLOCO_08_RECONCILIADO,false,false,INDEX_SEM_FLAG_MANUAL_OU_CONSISTENTE,
drive-download-20260403T124026Z-3-001_224929\605035007.pdf,535a126fbb4bde2fa34be73960f25071a014385fb0e73f6a8702659392c2f9d6,VERDE_SEGURO,,extraidos_motor_fase7a_pass1_v2_block_08_flash,OFICIAL,PASS1_V2_BLOCO_08_RECONCILIADO,false,false,INDEX_SEM_FLAG_MANUAL_OU_CONSISTENTE,
drive-download-20260403T124026Z-3-001_224929\605035008.pdf,b41747254fc152d2b8814660204a86664ba4013fa963ad76a5a2a97d776422d7,VERDE_SEGURO,,extraidos_motor_fase7a_pass1_v2_block_08_flash,OFICIAL,PASS1_V2_BLOCO_08_RECONCILIADO,false,false,INDEX_SEM_FLAG_MANUAL_OU_CONSISTENTE,
drive-download-20260403T124026Z-3-001_224929\605036002.pdf,e04296745b46432a93d6d0fbaa4a26a839f4f11565b184373a7aa1dd364f94aa,VERDE_SEGURO,,extraidos_motor_fase7a_pass1_v2_block_08_flash,OFICIAL,PASS1_V2_BLOCO_08_RECONCILIADO,false,false,INDEX_SEM_FLAG_MANUAL_OU_CONSISTENTE,
drive-download-20260403T124026Z-3-001_224929\605036003.pdf,8c0db29424e431d3d2a2cbeb735fc265d64b3735190dc1441169eff72941bdee,VERDE_SEGURO,,extraidos_motor_fase7a_pass1_v2_block_08_flash,OFICIAL,PASS1_V2_BLOCO_08_RECONCILIADO,false,false,INDEX_SEM_FLAG_MANUAL_OU_CONSISTENTE,
drive-download-20260403T124026Z-3-001_224929\605036005.pdf,7016a9620fed903cedf5092da78c9e982b44638a93b1b031c3b8e059a236cde9,VERDE_SEGURO,,extraidos_motor_fase7a_pass1_v2_block_08_flash,OFICIAL,PASS1_V2_BLOCO_08_RECONCILIADO,false,false,INDEX_SEM_FLAG_MANUAL_OU_CONSISTENTE,
drive-download-20260403T124026Z-3-001_224929\605036006.pdf,21eff7cb44c5c56fad64ddd6ce69a4cc31f15f754b4121a7b6be3dc9e932e068,VERDE_SEGURO,,extraidos_motor_fase7a_pass1_v2_block_08_flash,OFICIAL,PASS1_V2_BLOCO_08_RECONCILIADO,false,false,INDEX_SEM_FLAG_MANUAL_OU_CONSISTENTE,
drive-download-20260403T124026Z-3-001_224929\605037001.pdf,3d5c6c67006ef2aee6101c97d22554b71c3b0f3d5de9c8320583557029d627db,VERDE_SEGURO,,extraidos_motor_fase7a_pass1_v2_block_08_flash,OFICIAL,PASS1_V2_BLOCO_08_RECONCILIADO,false,false,INDEX_SEM_FLAG_MANUAL_OU_CONSISTENTE,
drive-download-20260403T124026Z-3-001_224929\605037003.pdf,5594c13a4e49887286b485687d6843c0bbf92be96cf85e3fdbd9fb0831bcdb05,VERDE_SEGURO,,extraidos_motor_fase7a_pass1_v2_block_09_flash,OFICIAL,PASS1_V2_BLOCO_09_RECONCILIADO,false,false,INDEX_SEM_FLAG_MANUAL_OU_CONSISTENTE,
drive-download-20260403T124026Z-3-001_224929\605037004 (1).pdf,dc4e2b3918b112f0d2990e749912660a20de8d7bb744d65d5abe5bd419b177d7,VERDE_SEGURO,,extraidos_motor_fase7a_pass1_v2_block_09_flash,OFICIAL,PASS1_V2_BLOCO_09_RECONCILIADO,false,false,INDEX_SEM_FLAG_MANUAL_OU_CONSISTENTE,
drive-download-20260403T124026Z-3-001_224929\605037004.pdf,b0a2a00674ab9fc9ad1586a8b7444fdea62962351ee765270fc6edd1f58cc998,VERDE_SEGURO,,extraidos_motor_fase7a_pass1_v2_block_09_flash,OFICIAL,PASS1_V2_BLOCO_09_RECONCILIADO,false,false,INDEX_SEM_FLAG_MANUAL_OU_CONSISTENTE,
drive-download-20260403T124026Z-3-001_224929\605037005.pdf,04866bc414f58aac9cee3d7d49c5e3d90360bef8c615734b725aeae6f7a9bc46,VERDE_SEGURO,,extraidos_motor_fase7a_pass1_v2_block_09_flash,OFICIAL,PASS1_V2_BLOCO_09_RECONCILIADO,false,false,INDEX_SEM_FLAG_MANUAL_OU_CONSISTENTE,
drive-download-20260403T124026Z-3-001_224929\605037006.pdf,7fc416dec0477cae12e052f0d4065f23ff24dd15902f80e3fcd8e0e082d8f7bd,VERDE_SEGURO,,extraidos_motor_fase7a_pass1_v2_block_09_flash,OFICIAL,PASS1_V2_BLOCO_09_RECONCILIADO,false,false,INDEX_SEM_FLAG_MANUAL_OU_CONSISTENTE,
drive-download-20260403T124026Z-3-001_224929\605037007.pdf,d8646875302032b5ab32c7d4896cba2279e7f3671ef26b98003d3d31fd166fd7,VERDE_SEGURO,,extraidos_motor_fase7a_pass1_v2_block_09_flash,OFICIAL,PASS1_V2_BLOCO_09_RECONCILIADO,false,false,INDEX_SEM_FLAG_MANUAL_OU_CONSISTENTE,
drive-download-20260403T124026Z-3-001_224929\605037008.pdf,ef222f12609d870dc88efec1ee6f7faf9858f038c38a295f883708c4da8676b0,VERDE_SEGURO,,extraidos_motor_fase7a_pass1_v2_block_09_flash,OFICIAL,PASS1_V2_BLOCO_09_RECONCILIADO,false,false,INDEX_SEM_FLAG_MANUAL_OU_CONSISTENTE,
drive-download-20260403T124026Z-3-001_224929\605037009.pdf,7336239b9bb15987cc55955b3731c79f1647659ab8b33fcf698fea555edfc887,VERDE_SEGURO,,extraidos_motor_fase7a_pass1_v2_block_09_flash,OFICIAL,PASS1_V2_BLOCO_09_RECONCILIADO,false,false,INDEX_SEM_FLAG_MANUAL_OU_CONSISTENTE,
drive-download-20260403T124026Z-3-001_224929\605037103.pdf,36b415c0f66b250d59b168cd4cf69fb10e2d2735129757aeaaf37f86dc3f840a,VERDE_SEGURO,,extraidos_motor_fase7a_pass1_v2_block_09_flash,OFICIAL,PASS1_V2_BLOCO_09_RECONCILIADO,false,false,INDEX_SEM_FLAG_MANUAL_OU_CONSISTENTE,
drive-download-20260403T124026Z-3-001_224929\605037104.pdf,036f9dbdc409cbaa89b7fe49ba859b5b310aae4abe2fb8840751a1af6b072dbf,VERDE_SEGURO,,extraidos_motor_fase7a_pass1_v2_block_09_flash,OFICIAL,PASS1_V2_BLOCO_09_RECONCILIADO,false,false,INDEX_SEM_FLAG_MANUAL_OU_CONSISTENTE,
drive-download-20260403T124026Z-3-001_224929\605037105.pdf,ef5b3094f357ef0078cd067a4e6bc80c20a929bba063272934eed9b92ac2d1a6,VERDE_SEGURO,,extraidos_motor_fase7a_pass1_v2_block_09_flash,OFICIAL,PASS1_V2_BLOCO_09_RECONCILIADO,false,false,INDEX_SEM_FLAG_MANUAL_OU_CONSISTENTE,
drive-download-20260403T124026Z-3-001_224929\605037106.pdf,41f18ca331b3d6b77afba9a1a1bac03a9526c1c10c48763a136666f449845c3b,VERDE_SEGURO,,extraidos_motor_fase7a_pass1_v2_block_09_flash,OFICIAL,PASS1_V2_BLOCO_09_RECONCILIADO,false,false,INDEX_SEM_FLAG_MANUAL_OU_CONSISTENTE,
drive-download-20260403T124026Z-3-001_224929\605037108.pdf,700a37453b48fb91c4cf42422b15e42b44543c7ac5b8aa6cca6bb4b54d621c41,VERDE_SEGURO,,extraidos_motor_fase7a_pass1_v2_block_09_flash,OFICIAL,PASS1_V2_BLOCO_09_RECONCILIADO,false,false,INDEX_SEM_FLAG_MANUAL_OU_CONSISTENTE,
drive-download-20260403T124026Z-3-001_224929\605037109.pdf,4e3bdc51d3f91a5c74cd1265a157d09535231902c007bff21f8f808f446f11a4,VERDE_SEGURO,,extraidos_motor_fase7a_pass1_v2_block_09_flash,OFICIAL,PASS1_V2_BLOCO_09_RECONCILIADO,false,false,INDEX_SEM_FLAG_MANUAL_OU_CONSISTENTE,
drive-download-20260403T124026Z-3-001_224929\605037406.pdf,8b5b18e72ce5338545476ba259c02f4773f3fbfa2e473a3db5bfa07107e3fb67,VERDE_SEGURO,,extraidos_motor_fase7a_pass1_v2_block_10_flash,OFICIAL,PASS1_V2_BLOCO_10_RECONCILIADO,false,false,INDEX_SEM_FLAG_MANUAL_OU_CONSISTENTE,
drive-download-20260403T124026Z-3-001_224929\605037407.pdf,fca960a502909ecf5a87deb3e63318da0d995304675af34f795716fcbab3edfe,VERDE_SEGURO,,extraidos_motor_fase7a_pass1_v2_block_10_flash,OFICIAL,PASS1_V2_BLOCO_10_RECONCILIADO,false,false,INDEX_SEM_FLAG_MANUAL_OU_CONSISTENTE,
drive-download-20260403T124026Z-3-001_224929\605037408.pdf,79197c82b7069f305183206d5bb87b37dc38591d17644b96d82717591b8220e5,VERDE_SEGURO,,extraidos_motor_fase7a_pass1_v2_block_10_flash,OFICIAL,PASS1_V2_BLOCO_10_RECONCILIADO,false,false,INDEX_SEM_FLAG_MANUAL_OU_CONSISTENTE,
drive-download-20260403T124026Z-3-001_224929\605038001.pdf,042fbacf0cabb10f6d50c0a7e78a84fdc1a0e8d5809575eca00def8bb9aaa27c,VERDE_SEGURO,,extraidos_motor_fase7a_pass1_v2_block_10_flash,OFICIAL,PASS1_V2_BLOCO_10_RECONCILIADO,false,false,INDEX_SEM_FLAG_MANUAL_OU_CONSISTENTE,
drive-download-20260403T124026Z-3-001_224929\605038002.pdf,13dcfd21f4b4c0d659644716e9871a5af585f70983dc199a86be120861ab69f5,VERDE_SEGURO,,extraidos_motor_fase7a_pass1_v2_block_10_flash,OFICIAL,PASS1_V2_BLOCO_10_RECONCILIADO,false,false,INDEX_SEM_FLAG_MANUAL_OU_CONSISTENTE,
drive-download-20260403T124026Z-3-001_224929\605038003.pdf,4cfe18bfdc8edd530c112fca52bda856adc92763c7f7d4c0eace4d8736872264,VERDE_SEGURO,,extraidos_motor_fase7a_pass1_v2_block_10_flash,OFICIAL,PASS1_V2_BLOCO_10_RECONCILIADO,false,false,INDEX_SEM_FLAG_MANUAL_OU_CONSISTENTE,
drive-download-20260403T124026Z-3-001_224929\605038004.pdf,ba250999bf222fbd015bb3bd061c243232d4145944caf56df413212e221751fb,VERDE_SEGURO,,extraidos_motor_fase7a_pass1_v2_block_10_flash,OFICIAL,PASS1_V2_BLOCO_10_RECONCILIADO,false,false,INDEX_SEM_FLAG_MANUAL_OU_CONSISTENTE,
drive-download-20260403T124026Z-3-001_224929\605038005.pdf,408c21ca540d1c8362e7d18cdd903f9ad22e177f63c4876eae53dc051cb0aa1e,VERDE_SEGURO,,extraidos_motor_fase7a_pass1_v2_block_10_flash,OFICIAL,PASS1_V2_BLOCO_10_RECONCILIADO,false,false,INDEX_SEM_FLAG_MANUAL_OU_CONSISTENTE,
drive-download-20260403T124026Z-3-001_224929\605038006.pdf,40cae2d116125f568941ffa32d26d5ba377fb892c0321cf13e811a8321883e05,VERDE_SEGURO,,extraidos_motor_fase7a_pass1_v2_block_10_flash,OFICIAL,PASS1_V2_BLOCO_10_RECONCILIADO,false,false,INDEX_SEM_FLAG_MANUAL_OU_CONSISTENTE,
drive-download-20260403T124026Z-3-001_224929\605038011.pdf,d914ff4c58d8b28849300de4ac3112f13e3f1169774161083a1225b7474ca0a8,VERDE_SEGURO,,extraidos_motor_fase7a_pass1_v2_block_10_flash,OFICIAL,PASS1_V2_BLOCO_10_RECONCILIADO,false,false,INDEX_SEM_FLAG_MANUAL_OU_CONSISTENTE,
drive-download-20260403T124026Z-3-001_224929\605038012.pdf,2b2945a254aba4b3731ef4f1d59f94d526c9e5ad7b72bd1cb980dcf438fb7504,VERDE_SEGURO,,extraidos_motor_fase7a_pass1_v2_block_10_flash,OFICIAL,PASS1_V2_BLOCO_10_RECONCILIADO,false,false,INDEX_SEM_FLAG_MANUAL_OU_CONSISTENTE,
drive-download-20260403T124026Z-3-001_224929\605038013.pdf,72b6a1c76b1f8f11f4ffd55431ed93d853a1d4fb41d7272d81f60299374e1af4,VERDE_SEGURO,,extraidos_motor_fase7a_pass1_v2_block_10_flash,OFICIAL,PASS1_V2_BLOCO_10_RECONCILIADO,false,false,INDEX_SEM_FLAG_MANUAL_OU_CONSISTENTE,
drive-download-20260403T124026Z-3-001_224929\605038016.pdf,473e7ec4a4d99ec145694551c0c427b88e05a8ff8b3252307faf0fdf321fd08b,VERDE_SEGURO,,extraidos_motor_fase7a_pass1_v2_block_10_flash,OFICIAL,PASS1_V2_BLOCO_10_RECONCILIADO,false,false,INDEX_SEM_FLAG_MANUAL_OU_CONSISTENTE,
drive-download-20260403T124026Z-3-001_224929\605039001.pdf,292dce87de275a365d1661e3da976967afae0a7aa975b433df2fe12747633483,VERDE_SEGURO,,extraidos_motor_fase7a_pass1_v2_block_11_flash,OFICIAL,PASS1_V2_BLOCO_11_RECONCILIADO,false,false,INDEX_SEM_FLAG_MANUAL_OU_CONSISTENTE,
drive-download-20260403T124026Z-3-001_224929\605039002.pdf,a0deb348dc74369ca7e4ca40f8e2ba09a928818346151a65fcf8c352b409f1b9,VERDE_SEGURO,,extraidos_motor_fase7a_pass1_v2_block_11_flash,OFICIAL,PASS1_V2_BLOCO_11_RECONCILIADO,false,false,INDEX_SEM_FLAG_MANUAL_OU_CONSISTENTE,
drive-download-20260403T124026Z-3-001_224929\605039003.pdf,e19345850f7c41a0efeefcf90d40fc07b2ad2b7057469dd15e5f71c38309be8b,VERDE_SEGURO,,extraidos_motor_fase7a_pass1_v2_block_11_flash,OFICIAL,PASS1_V2_BLOCO_11_RECONCILIADO,false,false,INDEX_SEM_FLAG_MANUAL_OU_CONSISTENTE,
drive-download-20260403T124026Z-3-001_224929\605039004.pdf,828049b19eaf7e28f4eec426bf72b48dcd418af34e25f3b1c907c0e18c7084f4,VERDE_SEGURO,,extraidos_motor_fase7a_pass1_v2_block_11_flash,OFICIAL,PASS1_V2_BLOCO_11_RECONCILIADO,false,false,INDEX_SEM_FLAG_MANUAL_OU_CONSISTENTE,
drive-download-20260403T124026Z-3-001_224929\605039010.pdf,4789f8c38411ae10334e5126dcd83d5271f6d5315e7d906e61a959fed9d77aa3,VERDE_SEGURO,,extraidos_motor_fase7a_pass1_v2_block_11_flash,OFICIAL,PASS1_V2_BLOCO_11_RECONCILIADO,false,false,INDEX_SEM_FLAG_MANUAL_OU_CONSISTENTE,
drive-download-20260403T124026Z-3-001_224929\605039011.pdf,b4a590fc63ca513124cf58cc73ad9fb34f1127d26312b27ff69fa8e9f082172f,VERDE_SEGURO,,extraidos_motor_fase7a_pass1_v2_block_11_flash,OFICIAL,PASS1_V2_BLOCO_11_RECONCILIADO,false,false,INDEX_SEM_FLAG_MANUAL_OU_CONSISTENTE,
drive-download-20260403T124026Z-3-001_224929\605039012.pdf,0d47c2ccb044e51335c9b1da75e63f08d6f35278ff61c71fa2d30cb2044f409e,VERDE_SEGURO,,extraidos_motor_fase7a_pass1_v2_block_11_flash,OFICIAL,PASS1_V2_BLOCO_11_RECONCILIADO,false,false,INDEX_SEM_FLAG_MANUAL_OU_CONSISTENTE,
drive-download-20260403T124026Z-3-001_224929\605039015.pdf,6c9fc30c559c17eb02091cff4ab710071fd50683005b140ca1f01b16192020cb,VERDE_SEGURO,,extraidos_motor_fase7a_pass1_v2_block_11_flash,OFICIAL,PASS1_V2_BLOCO_11_RECONCILIADO,false,false,INDEX_SEM_FLAG_MANUAL_OU_CONSISTENTE,
drive-download-20260403T124026Z-3-001_224929\605041001.pdf,60691ca298c07dc35d82598d3c640ef92276df1f7415a849a55547f5a6ca7dd3,VERDE_COM_ALERTA,,extraidos_motor_fase7a_pass1_v2_block_11_flash,OFICIAL,PASS1_V2_BLOCO_11_RECONCILIADO,false,false,INDEX_SEM_FLAG_MANUAL_OU_CONSISTENTE,
drive-download-20260403T124026Z-3-001_224929\605042004.pdf,422fc2c96d9f77305def40f93f6cbca61a73f2639456a20fb6eca61091f5c7ae,VERDE_SEGURO,,extraidos_motor_fase7a_pass1_v2_block_11_flash,OFICIAL,PASS1_V2_BLOCO_11_RECONCILIADO,false,false,INDEX_SEM_FLAG_MANUAL_OU_CONSISTENTE,
drive-download-20260403T124026Z-3-001_224929\605042017.pdf,ef649fb233f46d43077d79a7a9debfc6503f6d343624a35477c9c7b67217edba,VERDE_SEGURO,,extraidos_motor_fase7a_pass1_v2_block_11_flash,OFICIAL,PASS1_V2_BLOCO_11_RECONCILIADO,false,false,INDEX_SEM_FLAG_MANUAL_OU_CONSISTENTE,
drive-download-20260403T124026Z-3-001_224929\605042037.pdf,fa72b24ea1011f336ca4d42ca29a4a8255e0333ed40f7e71349d5bd4fb3d06e5,VERDE_SEGURO,,extraidos_motor_fase7a_pass1_v2_block_11_flash,OFICIAL,PASS1_V2_BLOCO_11_RECONCILIADO,false,false,INDEX_SEM_FLAG_MANUAL_OU_CONSISTENTE,
drive-download-20260403T124026Z-3-001_224929\605042038.pdf,8688ed094d13e31acab0e1f144fcf8b529b15efef6218cb6a3eee11f0924a15b,VERDE_SEGURO,,extraidos_motor_fase7a_pass1_v2_block_12_flash,OFICIAL,PASS1_V2_BLOCO_12_RECONCILIADO,false,false,INDEX_SEM_FLAG_MANUAL_OU_CONSISTENTE,
drive-download-20260403T124026Z-3-001_224929\605042041.pdf,2c276839c25c8ce7c2d9bf4dab983d1bbcdb74c5eddaffca3681e4d5e26f3fec,VERDE_SEGURO,,extraidos_motor_fase7a_pass1_v2_block_12_flash,OFICIAL,PASS1_V2_BLOCO_12_RECONCILIADO,false,false,INDEX_SEM_FLAG_MANUAL_OU_CONSISTENTE,
drive-download-20260403T124026Z-3-001_224929\605042042.pdf,6ac7408f0480eb6f88eb5a33f1e4041e505e6e520fd78bb5adf0139927a77dbc,VERDE_SEGURO,,extraidos_motor_fase7a_pass1_v2_block_12_flash,OFICIAL,PASS1_V2_BLOCO_12_RECONCILIADO,false,false,INDEX_SEM_FLAG_MANUAL_OU_CONSISTENTE,
drive-download-20260403T124026Z-3-001_224929\605042043.pdf,dadfe58a08cee6fcebc3b658b683a13b88ae2bb09cf2a6c489f6c1936eb45e0e,VERDE_SEGURO,,extraidos_motor_fase7a_pass1_v2_block_12_flash,OFICIAL,PASS1_V2_BLOCO_12_RECONCILIADO,false,false,INDEX_SEM_FLAG_MANUAL_OU_CONSISTENTE,
drive-download-20260403T124026Z-3-001_224929\605042044.pdf,c15d12353c071398149058d3f58a5cf4aea78181eeb4721b6c5477ef289659bc,VERDE_SEGURO,,extraidos_motor_fase7a_pass1_v2_block_12_flash,OFICIAL,PASS1_V2_BLOCO_12_RECONCILIADO,false,false,INDEX_SEM_FLAG_MANUAL_OU_CONSISTENTE,
drive-download-20260403T124026Z-3-001_224929\605042045.pdf,a308b34a3b033579276475d723fd8d94c29eaf09b84619df182ff22d0fd7442d,VERDE_SEGURO,,extraidos_motor_fase7a_pass1_v2_block_12_flash,OFICIAL,PASS1_V2_BLOCO_12_RECONCILIADO,false,false,INDEX_SEM_FLAG_MANUAL_OU_CONSISTENTE,
drive-download-20260403T124026Z-3-001_224929\605042046.pdf,e5bb7b798bc536ca56a993252488e35aa9f1d92fe3e17ffb91de07f7bea673d6,VERDE_SEGURO,,extraidos_motor_fase7a_pass1_v2_block_12_flash,OFICIAL,PASS1_V2_BLOCO_12_RECONCILIADO,false,false,INDEX_SEM_FLAG_MANUAL_OU_CONSISTENTE,
drive-download-20260403T124026Z-3-001_224929\605042057.pdf,fa547c679a888542aee4016ba9c56693f509b6870b90a8545e26573519671561,VERDE_SEGURO,,extraidos_motor_fase7a_pass1_v2_block_12_flash,OFICIAL,PASS1_V2_BLOCO_12_RECONCILIADO,false,false,INDEX_SEM_FLAG_MANUAL_OU_CONSISTENTE,
drive-download-20260403T124026Z-3-001_224929\605042062.pdf,3c51f4d6f207626d7a5daee60cc33df85cb33b9fd925c04c1bca7f0c913d0f51,VERDE_SEGURO,,extraidos_motor_fase7a_pass1_v2_block_12_flash,OFICIAL,PASS1_V2_BLOCO_12_RECONCILIADO,false,false,INDEX_SEM_FLAG_MANUAL_OU_CONSISTENTE,
drive-download-20260403T124026Z-3-001_224929\605042069.pdf,3ca6b0ca735c9ea8c8cd62492092ff1e7d19579af71ab5eb9031eec68b2f5227,VERDE_SEGURO,,extraidos_motor_fase7a_pass1_v2_block_12_flash,OFICIAL,PASS1_V2_BLOCO_12_RECONCILIADO,false,false,INDEX_SEM_FLAG_MANUAL_OU_CONSISTENTE,
drive-download-20260403T124026Z-3-001_224929\605042071.pdf,e0b6dcb268ca17347cb6071fbae4f7211493eaf98d3db2238ef4a05450485993,VERDE_SEGURO,,extraidos_motor_fase7a_pass1_v2_block_12_flash,OFICIAL,PASS1_V2_BLOCO_12_RECONCILIADO,false,false,INDEX_SEM_FLAG_MANUAL_OU_CONSISTENTE,
drive-download-20260403T124026Z-3-001_224929\605042072.pdf,115beaf957417398dbab52280754bb08165623ca40c2c99957ca17102fb2391c,VERDE_SEGURO,,extraidos_motor_fase7a_pass1_v2_block_12_flash,OFICIAL,PASS1_V2_BLOCO_12_RECONCILIADO,false,false,INDEX_SEM_FLAG_MANUAL_OU_CONSISTENTE,
drive-download-20260403T124026Z-3-001_224929\605042073.pdf,76910f77a6673e7cb6176f42ef580b6246352269543a39a7dba50c3923778db5,VERDE_SEGURO,,extraidos_motor_fase7a_pass1_v2_block_12_flash,OFICIAL,PASS1_V2_BLOCO_12_RECONCILIADO,false,false,INDEX_SEM_FLAG_MANUAL_OU_CONSISTENTE,
drive-download-20260403T124026Z-3-001_224929\605042088.pdf,d640427e1852dab56dee99aa2abc905fcf8b63daaf002567c57b8899573923e7,VERDE_SEGURO,,extraidos_motor_fase7a_pass1_v2_block_13_flash,OFICIAL,PASS1_V2_BLOCO_13_RECONCILIADO,false,false,INDEX_SEM_FLAG_MANUAL_OU_CONSISTENTE,
drive-download-20260403T124026Z-3-001_224929\605042096.pdf,34f54f205f10c19099bd5bf8a73e31541254420a0ad86855cbc299e470af9439,VERDE_SEGURO,,extraidos_motor_fase7a_pass1_v2_block_13_flash,OFICIAL,PASS1_V2_BLOCO_13_RECONCILIADO,false,false,INDEX_SEM_FLAG_MANUAL_OU_CONSISTENTE,
drive-download-20260403T124026Z-3-001_224929\605042099.pdf,9651947c8d551e49a392bb3490f541ae1f1280056c2e1819c41df96544b8fca0,VERDE_SEGURO,,extraidos_motor_fase7a_pass1_v2_block_13_flash,OFICIAL,PASS1_V2_BLOCO_13_RECONCILIADO,false,false,INDEX_SEM_FLAG_MANUAL_OU_CONSISTENTE,
drive-download-20260403T124026Z-3-001_224929\605042100.pdf,c481e5c1ff4da20014718721e8d35545a92f71950d8aabf120db2c5fb4eae472,VERDE_SEGURO,,extraidos_motor_fase7a_pass1_v2_block_13_flash,OFICIAL,PASS1_V2_BLOCO_13_RECONCILIADO,false,false,INDEX_SEM_FLAG_MANUAL_OU_CONSISTENTE,
drive-download-20260403T124026Z-3-001_224929\605042103.pdf,5aff822cdcd33a4c0d2bb9dfaa53e9edda8282362d98835f8607b7c3de4fd3ea,VERDE_SEGURO,,extraidos_motor_fase7a_pass1_v2_block_13_flash,OFICIAL,PASS1_V2_BLOCO_13_RECONCILIADO,false,false,INDEX_SEM_FLAG_MANUAL_OU_CONSISTENTE,
drive-download-20260403T124026Z-3-001_224929\605042104.pdf,bb7cd51bb33caac4a01daba877df6117a613ed5246228d2fb3a442f305c15566,VERDE_SEGURO,,extraidos_motor_fase7a_pass1_v2_block_13_flash,OFICIAL,PASS1_V2_BLOCO_13_RECONCILIADO,false,false,INDEX_SEM_FLAG_MANUAL_OU_CONSISTENTE,
drive-download-20260403T124026Z-3-001_224929\605042115.pdf,f110b318c29ed25ac3b2192f008e54f4cca99d2aea716874f3913991753f7a2e,VERDE_SEGURO,,extraidos_motor_fase7a_pass1_v2_block_13_flash,OFICIAL,PASS1_V2_BLOCO_13_RECONCILIADO,false,false,INDEX_SEM_FLAG_MANUAL_OU_CONSISTENTE,
drive-download-20260403T124026Z-3-001_224929\605042117.pdf,1b6227513b5c7cbf05d8e694dfee1307d589094dc92b67eddcc3c91a22bac7eb,VERDE_SEGURO,,extraidos_motor_fase7a_pass1_v2_block_13_flash,OFICIAL,PASS1_V2_BLOCO_13_RECONCILIADO,false,false,INDEX_SEM_FLAG_MANUAL_OU_CONSISTENTE,
drive-download-20260403T124026Z-3-001_224929\605042120.pdf,112c7f0a1391a85caac3e3e64b7bee3d8c095bb1d2d80b3284d2307c4d8dee85,VERDE_SEGURO,,extraidos_motor_fase7a_pass1_v2_block_13_flash,OFICIAL,PASS1_V2_BLOCO_13_RECONCILIADO,false,false,INDEX_SEM_FLAG_MANUAL_OU_CONSISTENTE,
drive-download-20260403T124026Z-3-001_224929\605042122.pdf,9687ca08bc3facbd3fff297a04e29e8b48ba53e378c4f5711ea9f6a2a828c418,VERDE_SEGURO,,extraidos_motor_fase7a_pass1_v2_block_13_flash,OFICIAL,PASS1_V2_BLOCO_13_RECONCILIADO,false,false,INDEX_SEM_FLAG_MANUAL_OU_CONSISTENTE,
drive-download-20260403T124026Z-3-001_224929\605042124.pdf,fb974c5e7e660ff991097a09a99e0673f4812078b803b89ba776f0daf00e6566,VERDE_SEGURO,,extraidos_motor_fase7a_pass1_v2_block_13_flash,OFICIAL,PASS1_V2_BLOCO_13_RECONCILIADO,false,false,INDEX_SEM_FLAG_MANUAL_OU_CONSISTENTE,
drive-download-20260403T124026Z-3-001_224929\605042127.pdf,a87c20f843668a3e8edc166e29da57016039aef22adb9a4932297b1cc2b4c43a,VERDE_SEGURO,,extraidos_motor_fase7a_pass1_v2_block_13_flash,OFICIAL,PASS1_V2_BLOCO_13_RECONCILIADO,false,false,INDEX_SEM_FLAG_MANUAL_OU_CONSISTENTE,
drive-download-20260403T124026Z-3-001_224929\605042128.pdf,22b585be4e13a0be033900cc77a328c9aa390e697e5020ec6379d152f2803389,VERDE_SEGURO,,extraidos_motor_fase7a_pass1_v2_block_13_flash,OFICIAL,PASS1_V2_BLOCO_13_RECONCILIADO,false,false,INDEX_SEM_FLAG_MANUAL_OU_CONSISTENTE,
drive-download-20260403T124026Z-3-001_224929\605042131.pdf,1b227156409e7ee90b822ffbef6bcb9d53af4fd482cb875d738cbfc512ad77cc,VERDE_SEGURO,,extraidos_motor_fase7a_pass1_v2_block_14_flash,OFICIAL,PASS1_V2_BLOCO_14_RECONCILIADO,false,false,INDEX_SEM_FLAG_MANUAL_OU_CONSISTENTE,
drive-download-20260403T124026Z-3-001_224929\605042132.pdf,3f06785096b7926adc955f42cb2d2063dc4a032d67a7510c5cc5bf1958fc43ae,VERDE_SEGURO,,extraidos_motor_fase7a_pass1_v2_block_14_flash,OFICIAL,PASS1_V2_BLOCO_14_RECONCILIADO,false,false,INDEX_SEM_FLAG_MANUAL_OU_CONSISTENTE,
drive-download-20260403T124026Z-3-001_224929\605042136.pdf,9ddea87a9429fc83160032e202e4164c7fd2b971e5e4d2e96a3ee5f55ffd3f37,VERDE_SEGURO,,extraidos_motor_fase7a_pass1_v2_block_14_flash,OFICIAL,PASS1_V2_BLOCO_14_RECONCILIADO,false,false,INDEX_SEM_FLAG_MANUAL_OU_CONSISTENTE,
drive-download-20260403T124026Z-3-001_224929\605042137.pdf,130aa784b5a054528b17f7ac2dea96755ae732c2bc77dadf52432914d08eab35,VERDE_SEGURO,,extraidos_motor_fase7a_pass1_v2_block_14_flash,OFICIAL,PASS1_V2_BLOCO_14_RECONCILIADO,false,false,INDEX_SEM_FLAG_MANUAL_OU_CONSISTENTE,
drive-download-20260403T124026Z-3-001_224929\605042138.pdf,bccef073a463ca980458591c56b4312947ddbe57f4a85d91433b9e86b2d019fc,VERDE_SEGURO,,extraidos_motor_fase7a_pass1_v2_block_14_flash,OFICIAL,PASS1_V2_BLOCO_14_RECONCILIADO,false,false,INDEX_SEM_FLAG_MANUAL_OU_CONSISTENTE,
drive-download-20260403T124026Z-3-001_224929\605042143.pdf,24fe0e63a08bda6b1317781c957591d49d8ba0c5d5518b04a6ccbd58a4fdb9ba,VERDE_SEGURO,,extraidos_motor_fase7a_pass1_v2_block_14_flash,OFICIAL,PASS1_V2_BLOCO_14_RECONCILIADO,false,false,INDEX_SEM_FLAG_MANUAL_OU_CONSISTENTE,
drive-download-20260403T124026Z-3-001_224929\605042146.pdf,9d7444e4f7fc534cac360b8f0ebb67b56bc33d1af4b40088607d72c63d2ecf9a,VERDE_SEGURO,,extraidos_motor_fase7a_pass1_v2_block_14_flash,OFICIAL,PASS1_V2_BLOCO_14_RECONCILIADO,false,false,INDEX_SEM_FLAG_MANUAL_OU_CONSISTENTE,
drive-download-20260403T124026Z-3-001_224929\605042148.pdf,8aa60c52843b6b303f8f489c19b243582eef8db83f538631411942874a79043d,VERDE_SEGURO,,extraidos_motor_fase7a_pass1_v2_block_14_flash,OFICIAL,PASS1_V2_BLOCO_14_RECONCILIADO,false,false,INDEX_SEM_FLAG_MANUAL_OU_CONSISTENTE,
drive-download-20260403T124026Z-3-001_224929\605042153.pdf,a1feb4829a121435e46690ccc7c7bf89f1b0d96dcff0c252816b619ee0a20140,VERDE_SEGURO,,extraidos_motor_fase7a_pass1_v2_block_14_flash,OFICIAL,PASS1_V2_BLOCO_14_RECONCILIADO,false,false,INDEX_SEM_FLAG_MANUAL_OU_CONSISTENTE,
drive-download-20260403T124026Z-3-001_224929\605042158.pdf,d6ab9c4e28a6e1578ef868ffd56b0c7d06a811d16c8ebe5d903ad02b81eb3ebc,VERDE_SEGURO,,extraidos_motor_fase7a_pass1_v2_block_14_flash,OFICIAL,PASS1_V2_BLOCO_14_RECONCILIADO,false,false,INDEX_SEM_FLAG_MANUAL_OU_CONSISTENTE,
drive-download-20260403T124026Z-3-001_224929\605042168.pdf,6b8e8e2243ea8494512d340ad4df5fcac6bed7a2d098327300bd73b91e49a4cb,VERDE_SEGURO,,extraidos_motor_fase7a_pass1_v2_block_14_flash,OFICIAL,PASS1_V2_BLOCO_14_RECONCILIADO,false,false,INDEX_SEM_FLAG_MANUAL_OU_CONSISTENTE,
drive-download-20260403T124026Z-3-001_224929\605042170.pdf,38619e85d6e861e74b9c81d1d1109aeff285d4d3188dd6fce5b4455c480a7069,VERDE_SEGURO,,extraidos_motor_fase7a_pass1_v2_block_14_flash,OFICIAL,PASS1_V2_BLOCO_14_RECONCILIADO,false,false,INDEX_SEM_FLAG_MANUAL_OU_CONSISTENTE,
drive-download-20260403T124026Z-3-001_224929\605042171.pdf,fb85bbfa30ffbb95f0d861d5eebb01b3ccae488f6dfda2572cae53f539365455,VERDE_SEGURO,,promocao_manual_revisada_cursor_b14_b20,OFICIAL,PROMOCAO_MANUAL_REVISADA_CURSOR,false,false,INDEX_SEM_FLAG_MANUAL_OU_CONSISTENTE,
drive-download-20260403T124026Z-3-001_224929\605042175.pdf,0bcaf44b7c55f6149da69bf8384fdd18c73e041e16e46a27df3daaddea135273,VERDE_SEGURO,,promocao_manual_revisada_cursor_b14_b20,OFICIAL,PROMOCAO_MANUAL_REVISADA_CURSOR,false,false,INDEX_SEM_FLAG_MANUAL_OU_CONSISTENTE,
drive-download-20260403T124026Z-3-001_224929\605042176.pdf,5fcb5d277a22adbd7ba16eb79fac8d27d978ac182d4237177627b93f2379c638,VERDE_SEGURO,,extraidos_motor_fase7a_pass1_v2_block_15_flash,OFICIAL,PASS1_V2_BLOCO_15_RECONCILIADO,false,false,INDEX_SEM_FLAG_MANUAL_OU_CONSISTENTE,
drive-download-20260403T124026Z-3-001_224929\605042177.pdf,607c5be91aa5197950b2a92d8d755f3cc3d6881241311eea938e9fe680ad9216,VERDE_SEGURO,,extraidos_motor_fase7a_pass1_v2_block_15_flash,OFICIAL,PASS1_V2_BLOCO_15_RECONCILIADO,false,false,INDEX_SEM_FLAG_MANUAL_OU_CONSISTENTE,
drive-download-20260403T124026Z-3-001_224929\605042180.pdf,46999c9f2c051b8c9695e57d8f6b4378e6f9397061635edc9e16a4e063738fe9,VERDE_SEGURO,,extraidos_motor_fase7a_pass1_v2_block_15_flash,OFICIAL,PASS1_V2_BLOCO_15_RECONCILIADO,false,false,INDEX_SEM_FLAG_MANUAL_OU_CONSISTENTE,
drive-download-20260403T124026Z-3-001_224929\605042182.pdf,33a83755b7d233065065fb790e4848705195f963bdac7e96d460d5fe5d86bd97,VERDE_SEGURO,,extraidos_motor_fase7a_pass1_v2_block_15_flash,OFICIAL,PASS1_V2_BLOCO_15_RECONCILIADO,false,false,INDEX_SEM_FLAG_MANUAL_OU_CONSISTENTE,
drive-download-20260403T124026Z-3-001_224929\605042189.pdf,5174b1ab0a73b77ec607dbfdb5c89650dfca3fbc9e8e58e698919fd10b255fa1,VERDE_SEGURO,,extraidos_motor_fase7a_pass1_v2_block_15_flash,OFICIAL,PASS1_V2_BLOCO_15_RECONCILIADO,false,false,INDEX_SEM_FLAG_MANUAL_OU_CONSISTENTE,
drive-download-20260403T124026Z-3-001_224929\605042193.pdf,a4389c2478e5c50f9f0c4590b9d6d9074d73fabfe62443e5f88b52ef74a73780,VERDE_SEGURO,,extraidos_motor_fase7a_pass1_v2_block_15_flash,OFICIAL,PASS1_V2_BLOCO_15_RECONCILIADO,false,false,INDEX_SEM_FLAG_MANUAL_OU_CONSISTENTE,
drive-download-20260403T124026Z-3-001_224929\605042195.pdf,e4872a5a590d0616809e188bc07fb48828492b77774d8781b665a4e6656891f7,VERDE_SEGURO,,promocao_manual_revisada_cursor_b14_b20,OFICIAL,PROMOCAO_MANUAL_REVISADA_CURSOR,false,false,INDEX_SEM_FLAG_MANUAL_OU_CONSISTENTE,
drive-download-20260403T124026Z-3-001_224929\605042196.pdf,946c73ae4dd82e9c87c33968815546b434f2d0bfd45220452118440380942161,VERDE_SEGURO,,extraidos_motor_fase7a_pass1_v2_block_15_flash,OFICIAL,PASS1_V2_BLOCO_15_RECONCILIADO,false,false,INDEX_SEM_FLAG_MANUAL_OU_CONSISTENTE,
drive-download-20260403T124026Z-3-001_224929\605042203.pdf,51d13953a1ff2f8f719454ecf80892dc865463b35442bbc1e9c212a33f86ec0c,VERDE_SEGURO,,extraidos_motor_fase7a_pass1_v2_block_15_flash,OFICIAL,PASS1_V2_BLOCO_15_RECONCILIADO,false,false,INDEX_SEM_FLAG_MANUAL_OU_CONSISTENTE,
drive-download-20260403T124026Z-3-001_224929\605042206.pdf,3181b2ae2f49b3540f8438a4e6e26302781d593c5bfc582cebf7263629a257e9,VERDE_SEGURO,,extraidos_motor_fase7a_pass1_v2_block_15_flash,OFICIAL,PASS1_V2_BLOCO_15_RECONCILIADO,false,false,INDEX_SEM_FLAG_MANUAL_OU_CONSISTENTE,
drive-download-20260403T124026Z-3-001_224929\605042208.pdf,1428d97a546ef626b6432b11c1ed4bafc94e4450ceb776e4f19081fb50311cf9,VERDE_SEGURO,,promocao_manual_revisada_cursor_b14_b20,OFICIAL,PROMOCAO_MANUAL_REVISADA_CURSOR,false,false,INDEX_SEM_FLAG_MANUAL_OU_CONSISTENTE,
drive-download-20260403T124026Z-3-001_224929\605042209.pdf,ba2756c5b8af514aa0dd967e15c0e61a387947b315c5b00b8d0ebee50d8afdea,VERDE_SEGURO,,extraidos_motor_fase7a_pass1_v2_block_15_flash,OFICIAL,PASS1_V2_BLOCO_15_RECONCILIADO,false,false,INDEX_SEM_FLAG_MANUAL_OU_CONSISTENTE,
drive-download-20260403T124026Z-3-001_224929\605042210.pdf,ebc6af633d3f9d017b673ca24af432b73e3a3e47eb33e4e4270512123213e7e3,VERDE_SEGURO,,extraidos_motor_fase7a_pass1_v2_block_15_flash,OFICIAL,PASS1_V2_BLOCO_15_RECONCILIADO,false,false,INDEX_SEM_FLAG_MANUAL_OU_CONSISTENTE,
drive-download-20260403T124026Z-3-001_224929\605042211.pdf,cd60ddc8bbe78eb2d9eb7000857f9c547dbcf25aabb93cc627bc2108a455f3e6,VERDE_SEGURO,,extraidos_motor_fase7a_pass1_v2_block_15_flash,OFICIAL,PASS1_V2_BLOCO_15_RECONCILIADO,false,false,INDEX_SEM_FLAG_MANUAL_OU_CONSISTENTE,
drive-download-20260403T124026Z-3-001_224929\605042214.pdf,982d3f04eabcb54da80b17fb17ff36b2991354d61b98391c283b14d9eca4531d,VERDE_SEGURO,,promocao_manual_revisada_cursor_b14_b20,OFICIAL,PROMOCAO_MANUAL_REVISADA_CURSOR,false,false,INDEX_SEM_FLAG_MANUAL_OU_CONSISTENTE,
drive-download-20260403T124026Z-3-001_224929\605042219.pdf,98f38cf6556d6696faef3018364eb53e0eaf69f57b4c3b25e18200d873e48be4,VERDE_SEGURO,,promocao_manual_revisada_cursor_b14_b20,OFICIAL,PROMOCAO_MANUAL_REVISADA_CURSOR,false,false,INDEX_SEM_FLAG_MANUAL_OU_CONSISTENTE,
drive-download-20260403T124026Z-3-001_224929\605042222.pdf,c6080da9e067ea27ab0de83114ce9c6182baa78a8d70c6ca652e107dc1fd84d0,VERDE_SEGURO,,extraidos_motor_fase7a_pass1_v2_block_16_flash,OFICIAL,PASS1_V2_BLOCO_16_RECONCILIADO,false,false,INDEX_SEM_FLAG_MANUAL_OU_CONSISTENTE,
drive-download-20260403T124026Z-3-001_224929\605042224.pdf,eca4457ec5ba6f2b751e44d30bcabdbe775b5276e6d5b3fcc7e6ef019d4832ec,VERDE_SEGURO,,extraidos_motor_fase7a_pass1_v2_block_16_flash,OFICIAL,PASS1_V2_BLOCO_16_RECONCILIADO,false,false,INDEX_SEM_FLAG_MANUAL_OU_CONSISTENTE,
drive-download-20260403T124026Z-3-001_224929\605042225.pdf,c1ad9f8c9484ebdbabdf5292003331cd830361b805eac1917bd5269f7b0695f6,VERDE_SEGURO,,promocao_manual_revisada_cursor_b14_b20,OFICIAL,PROMOCAO_MANUAL_REVISADA_CURSOR,false,false,INDEX_SEM_FLAG_MANUAL_OU_CONSISTENTE,
drive-download-20260403T124026Z-3-001_224929\605042226.pdf,8a52e21e8aad5fcd2cec4dd52e1d0a186d8a53751b74f48981740bb945de637f,VERDE_SEGURO,,extraidos_motor_fase7a_pass1_v2_block_16_flash,OFICIAL,PASS1_V2_BLOCO_16_RECONCILIADO,false,false,INDEX_SEM_FLAG_MANUAL_OU_CONSISTENTE,
drive-download-20260403T124026Z-3-001_224929\605042227.pdf,22ac44c7af290ed819d36b2a8b7347ac8062f5f074bfac16223a35923e52bc41,VERDE_SEGURO,,extraidos_motor_fase7a_pass1_v2_block_16_flash,OFICIAL,PASS1_V2_BLOCO_16_RECONCILIADO,false,false,INDEX_SEM_FLAG_MANUAL_OU_CONSISTENTE,
drive-download-20260403T124026Z-3-001_224929\605042229.pdf,bf485e014a223497c0b2fe67fc01f4cd8cda46570ce68e938e886f3bd9c820c6,VERDE_SEGURO,,extraidos_motor_fase7a_pass1_v2_block_16_flash,OFICIAL,PASS1_V2_BLOCO_16_RECONCILIADO,false,false,INDEX_SEM_FLAG_MANUAL_OU_CONSISTENTE,
drive-download-20260403T124026Z-3-001_224929\605042234.pdf,6f7e884bfd9172b44ba5ac12595872c1316e11906ef4f035686883d818c071a5,VERDE_SEGURO,,extraidos_motor_fase7a_pass1_v2_block_16_flash,OFICIAL,PASS1_V2_BLOCO_16_RECONCILIADO,false,false,INDEX_SEM_FLAG_MANUAL_OU_CONSISTENTE,
drive-download-20260403T124026Z-3-001_224929\605042235.pdf,5d98e0abfe5e0822b103216b69521d298e3e20a5d023eea8adfb9a03ecdc57e2,VERDE_SEGURO,,extraidos_motor_fase7a_pass1_v2_block_16_flash,OFICIAL,PASS1_V2_BLOCO_16_RECONCILIADO,false,false,INDEX_SEM_FLAG_MANUAL_OU_CONSISTENTE,
drive-download-20260403T124026Z-3-001_224929\605042236.pdf,9ea782f0a733a1795e68725e2a8912790b3bdf73066df76b3b3d13f78973060a,VERDE_SEGURO,,extraidos_motor_fase7a_pass1_v2_block_16_flash,OFICIAL,PASS1_V2_BLOCO_16_RECONCILIADO,false,false,INDEX_SEM_FLAG_MANUAL_OU_CONSISTENTE,
drive-download-20260403T124026Z-3-001_224929\605042239.pdf,f96b4e1537afae9c4b7fb7a0191dcbd117ed99ea4f1068831fefcc06718ea0fc,VERDE_SEGURO,,extraidos_motor_fase7a_pass1_v2_block_16_flash,OFICIAL,PASS1_V2_BLOCO_16_RECONCILIADO,false,false,INDEX_SEM_FLAG_MANUAL_OU_CONSISTENTE,
drive-download-20260403T124026Z-3-001_224929\605042243.pdf,3a482dc57e3ed947accd948088b25d42c0cd02351b737ca7dadc958512826296,VERDE_SEGURO,,extraidos_motor_fase7a_pass1_v2_block_16_flash,OFICIAL,PASS1_V2_BLOCO_16_RECONCILIADO,false,false,INDEX_SEM_FLAG_MANUAL_OU_CONSISTENTE,
drive-download-20260403T124026Z-3-001_224929\605042244.pdf,3239f553af0e2bfa51dfb1b707358cacdf55c0c6f906eae1116c760ba8dd3ce0,VERDE_SEGURO,,extraidos_motor_fase7a_pass1_v2_block_16_flash,OFICIAL,PASS1_V2_BLOCO_16_RECONCILIADO,false,false,INDEX_SEM_FLAG_MANUAL_OU_CONSISTENTE,
drive-download-20260403T124026Z-3-001_224929\605042245.pdf,840e38fbea58861b0c3d86cbb5b434ac44978c389c01a2c0b8a3e89cb3810e80,VERDE_SEGURO,,extraidos_motor_fase7a_pass1_v2_block_17_flash,OFICIAL,PASS1_V2_BLOCO_17_RECONCILIADO,false,false,INDEX_SEM_FLAG_MANUAL_OU_CONSISTENTE,
drive-download-20260403T124026Z-3-001_224929\605042246.pdf,226e7dc74657f0c7e66ad309939260a3fcc0ca345141077b76a59e2e0db41233,VERDE_SEGURO,,promocao_manual_revisada_cursor_b14_b20,OFICIAL,PROMOCAO_MANUAL_REVISADA_CURSOR,false,false,INDEX_SEM_FLAG_MANUAL_OU_CONSISTENTE,
drive-download-20260403T124026Z-3-001_224929\605042247.pdf,831a20f91d41f32861d67b3f7328a838bd2fb4881a1c98f2a06198f3eec990bc,VERDE_SEGURO,,extraidos_motor_fase7a_pass1_v2_block_17_flash,OFICIAL,PASS1_V2_BLOCO_17_RECONCILIADO,false,false,INDEX_SEM_FLAG_MANUAL_OU_CONSISTENTE,
drive-download-20260403T124026Z-3-001_224929\605042248.pdf,10841adb6abf16776900f147430d043cd41b000f08c429a75d24ceada50d4462,VERDE_SEGURO,,extraidos_motor_fase7a_pass1_v2_block_17_flash,OFICIAL,PASS1_V2_BLOCO_17_RECONCILIADO,false,false,INDEX_SEM_FLAG_MANUAL_OU_CONSISTENTE,
drive-download-20260403T124026Z-3-001_224929\605042249.pdf,d09ac06f1d11b53f44658b8dfcc7bef7e0c04b136515780f6482ce8581131c96,VERDE_SEGURO,,promocao_manual_revisada_cursor_b14_b20,OFICIAL,PROMOCAO_MANUAL_REVISADA_CURSOR,false,false,INDEX_SEM_FLAG_MANUAL_OU_CONSISTENTE,
drive-download-20260403T124026Z-3-001_224929\605042252.pdf,09f94be2c5ed2764a53126a09474afb0d6016e6d77ccb57bc37c71780851f48c,VERDE_SEGURO,,promocao_manual_revisada_cursor_b14_b20,OFICIAL,PROMOCAO_MANUAL_REVISADA_CURSOR,false,false,INDEX_SEM_FLAG_MANUAL_OU_CONSISTENTE,
drive-download-20260403T124026Z-3-001_224929\605042257.pdf,7cffd1de34e0c087569b78ed89ba7310fb3210c52a60475ef4bd90fd57ba6509,VERDE_SEGURO,,extraidos_motor_fase7a_pass1_v2_block_17_flash,OFICIAL,PASS1_V2_BLOCO_17_RECONCILIADO,false,false,INDEX_SEM_FLAG_MANUAL_OU_CONSISTENTE,
drive-download-20260403T124026Z-3-001_224929\605042259.pdf,7247f64bc2a682952e5139c24ce04312f872492d84d12705439134471cfd481f,VERDE_SEGURO,,promocao_manual_revisada_cursor_b14_b20,OFICIAL,PROMOCAO_MANUAL_REVISADA_CURSOR,false,false,INDEX_SEM_FLAG_MANUAL_OU_CONSISTENTE,
drive-download-20260403T124026Z-3-001_224929\605042264.pdf,867ed9f051562f613c4b29f6cc0408fcac44a2f8ac2cb77f3c68e2b8c9cb8323,VERDE_SEGURO,,promocao_manual_revisada_cursor_b14_b20,OFICIAL,PROMOCAO_MANUAL_REVISADA_CURSOR,false,false,INDEX_SEM_FLAG_MANUAL_OU_CONSISTENTE,
drive-download-20260403T124026Z-3-001_224929\605042266.pdf,3b7ada4d0a7a7d699c7f5011d6aa651347a9951d76cacc35d3b3d755e302c688,VERDE_SEGURO,,extraidos_motor_fase7a_pass1_v2_block_17_flash,OFICIAL,PASS1_V2_BLOCO_17_RECONCILIADO,false,false,INDEX_SEM_FLAG_MANUAL_OU_CONSISTENTE,
drive-download-20260403T124026Z-3-001_224929\605042267.pdf,2ed5bcbdd2d0030a725b5bc2af8467a4492554d5ce71f27e5853f1463a7d44c6,VERDE_SEGURO,,promocao_manual_revisada_cursor_b14_b20,OFICIAL,PROMOCAO_MANUAL_REVISADA_CURSOR,false,false,INDEX_SEM_FLAG_MANUAL_OU_CONSISTENTE,
drive-download-20260403T124026Z-3-001_224929\605042269.pdf,4c3abf9c7ee9f629d149ca0ba06ada5d3869f2e1e54f9f5e1ad388e08b56456a,VERDE_SEGURO,,extraidos_motor_fase7a_pass1_v2_block_17_flash,OFICIAL,PASS1_V2_BLOCO_17_RECONCILIADO,false,false,INDEX_SEM_FLAG_MANUAL_OU_CONSISTENTE,
drive-download-20260403T124026Z-3-001_224929\605042270.pdf,6711cd9f0d47f7ebeb1e4caa3ce46e524dd3db2d22d178414906560787a65554,VERDE_SEGURO,,extraidos_motor_fase7a_pass1_v2_block_17_flash,OFICIAL,PASS1_V2_BLOCO_17_RECONCILIADO,false,false,INDEX_SEM_FLAG_MANUAL_OU_CONSISTENTE,
drive-download-20260403T124026Z-3-001_224929\605042272.pdf,a35ef931bafc0d19e2abe46e08e646249dee43f85481e918f55747b4807aa996,VERDE_SEGURO,,extraidos_motor_fase7a_pass1_v2_block_17_flash,OFICIAL,PASS1_V2_BLOCO_17_RECONCILIADO,false,false,INDEX_SEM_FLAG_MANUAL_OU_CONSISTENTE,
drive-download-20260403T124026Z-3-001_224929\605042273.pdf,fd69a37f402e676ac3172e2c82ee5129fb75703ab05448deda4b9244864a5c75,VERDE_SEGURO,,promocao_manual_revisada_cursor_b14_b20,OFICIAL,PROMOCAO_MANUAL_REVISADA_CURSOR,false,false,INDEX_SEM_FLAG_MANUAL_OU_CONSISTENTE,
drive-download-20260403T124026Z-3-001_224929\605042277.pdf,f143b7cb7a97984818708bc2e7a8937c3c41b847403c53c52fc7f247c5ed5153,VERDE_SEGURO,,extraidos_motor_fase7a_pass1_v2_block_18_flash,OFICIAL,PASS1_V2_BLOCO_18_RECONCILIADO,false,false,INDEX_SEM_FLAG_MANUAL_OU_CONSISTENTE,
drive-download-20260403T124026Z-3-001_224929\605042282.pdf,a5b0d0975da7fb8e6178ca53878a63286754a699ea8c184a4a18a780cf422eee,VERDE_SEGURO,,promocao_manual_revisada_cursor_b14_b20,OFICIAL,PROMOCAO_MANUAL_REVISADA_CURSOR,false,false,INDEX_SEM_FLAG_MANUAL_OU_CONSISTENTE,
drive-download-20260403T124026Z-3-001_224929\605042285.pdf,411e02beb1a81515dc03c45fb501d4f5ade3a6c6f63ad61ae6265786d6c14462,VERDE_SEGURO,,extraidos_motor_fase7a_pass1_v2_block_18_flash,OFICIAL,PASS1_V2_BLOCO_18_RECONCILIADO,false,false,INDEX_SEM_FLAG_MANUAL_OU_CONSISTENTE,
drive-download-20260403T124026Z-3-001_224929\605042292.pdf,1d4d5047c6e6c4c89f259d4e153d48ad7b50264c007ad61ec674b4436c2bc420,VERDE_SEGURO,,extraidos_motor_fase7a_pass1_v2_block_18_flash,OFICIAL,PASS1_V2_BLOCO_18_RECONCILIADO,false,false,INDEX_SEM_FLAG_MANUAL_OU_CONSISTENTE,
drive-download-20260403T124026Z-3-001_224929\605042293.pdf,1d934deb4aec5d4e814054bd3c3d018fe2c7cdfc8286bc0a8a82e51598348122,VERDE_SEGURO,,extraidos_motor_fase7a_pass1_v2_block_18_flash,OFICIAL,PASS1_V2_BLOCO_18_RECONCILIADO,false,false,INDEX_SEM_FLAG_MANUAL_OU_CONSISTENTE,
drive-download-20260403T124026Z-3-001_224929\605042296.pdf,6d8042625e9bae96618a316e21703daf33e035a0a67c1397a3ea48f335032a67,VERDE_SEGURO,,extraidos_motor_fase7a_pass1_v2_block_18_flash,OFICIAL,PASS1_V2_BLOCO_18_RECONCILIADO,false,false,INDEX_SEM_FLAG_MANUAL_OU_CONSISTENTE,
drive-download-20260403T124026Z-3-001_224929\605042297.pdf,779e3ed59489b33f62197d89f9e073e4ed9752371f345cf258bc50a755a461f6,VERDE_SEGURO,,extraidos_motor_fase7a_pass1_v2_block_18_flash,OFICIAL,PASS1_V2_BLOCO_18_RECONCILIADO,false,false,INDEX_SEM_FLAG_MANUAL_OU_CONSISTENTE,
drive-download-20260403T124026Z-3-001_224929\605042298.pdf,55e3b8565ab4d94ab50d5ddcfbd209926259937e08480be76f191ffaf301ecce,VERDE_SEGURO,,promocao_manual_revisada_cursor_b14_b20,OFICIAL,PROMOCAO_MANUAL_REVISADA_CURSOR,false,false,INDEX_SEM_FLAG_MANUAL_OU_CONSISTENTE,
drive-download-20260403T124026Z-3-001_224929\605042302.pdf,7ade38e8f8c615246f932127c787b9ee24236918d0fa1f5a95ab7eb8d5ed27b2,VERDE_SEGURO,,extraidos_motor_fase7a_pass1_v2_block_18_flash,OFICIAL,PASS1_V2_BLOCO_18_RECONCILIADO,false,false,INDEX_SEM_FLAG_MANUAL_OU_CONSISTENTE,
drive-download-20260403T124026Z-3-001_224929\605042303.pdf,4b0ebfcc55f6f26d7472506f1e32827174f32a996f3dcec6481d0fb8a528ca95,VERDE_SEGURO,,promocao_manual_revisada_cursor_b14_b20,OFICIAL,PROMOCAO_MANUAL_REVISADA_CURSOR,false,false,INDEX_SEM_FLAG_MANUAL_OU_CONSISTENTE,
drive-download-20260403T124026Z-3-001_224929\605042304.pdf,30f5ad88f04e53833757277e405ad42f443625de65dce0b3f97eb9dd06025c09,VERDE_SEGURO,,promocao_manual_revisada_cursor_b14_b20,OFICIAL,PROMOCAO_MANUAL_REVISADA_CURSOR,false,false,INDEX_SEM_FLAG_MANUAL_OU_CONSISTENTE,
drive-download-20260403T124026Z-3-001_224929\605042306.pdf,785cb790d1efcd7b70c1cbb23ce64b564ab0a8aa532e7c054e70027bb7d828d8,VERDE_SEGURO,,promocao_manual_revisada_cursor_b14_b20,OFICIAL,PROMOCAO_MANUAL_REVISADA_CURSOR,false,false,INDEX_SEM_FLAG_MANUAL_OU_CONSISTENTE,
drive-download-20260403T124026Z-3-001_224929\605042307.pdf,60851e44d948223009d5d06f6e762ba20d916fbe48f1641916253980ce2eed71,VERDE_SEGURO,,extraidos_motor_fase7a_pass1_v2_block_18_flash,OFICIAL,PASS1_V2_BLOCO_18_RECONCILIADO,false,false,INDEX_SEM_FLAG_MANUAL_OU_CONSISTENTE,
drive-download-20260403T124026Z-3-001_224929\605042308.pdf,5f85478834a19db05301371ca2a3c1648c0c78d958785f76ff578e9519326751,VERDE_SEGURO,,promocao_manual_revisada_cursor_b14_b20,OFICIAL,PROMOCAO_MANUAL_REVISADA_CURSOR,false,false,INDEX_SEM_FLAG_MANUAL_OU_CONSISTENTE,
drive-download-20260403T124026Z-3-001_224929\605042310.pdf,105b0e106d83c566358d7961f4ec3ab1e4fbe55680d9cb3180bb416280f81ad2,VERDE_SEGURO,,promocao_manual_revisada_cursor_b14_b20,OFICIAL,PROMOCAO_MANUAL_REVISADA_CURSOR,false,false,INDEX_SEM_FLAG_MANUAL_OU_CONSISTENTE,
drive-download-20260403T124026Z-3-001_224929\605042311.pdf,f426599832aab5b941b3041dc019da0cb46de029dc21b28201bcddc07444b350,VERDE_SEGURO,,extraidos_motor_fase7a_pass1_v2_block_19_flash,OFICIAL,PASS1_V2_BLOCO_19_RECONCILIADO,false,false,INDEX_SEM_FLAG_MANUAL_OU_CONSISTENTE,
drive-download-20260403T124026Z-3-001_224929\605042312.pdf,85ff9b68af59a8779fd52fc58231eff800878a5534eb58eeef89a73aa522c20c,VERDE_SEGURO,,extraidos_motor_fase7a_pass1_v2_block_19_flash,OFICIAL,PASS1_V2_BLOCO_19_RECONCILIADO,false,false,INDEX_SEM_FLAG_MANUAL_OU_CONSISTENTE,
drive-download-20260403T124026Z-3-001_224929\605042314.pdf,380b7449b6e534e91cb7bad04654fa36c723efed940c4beba4ef8d06a762e6c9,VERDE_SEGURO,,extraidos_motor_fase7a_pass1_v2_block_19_flash,OFICIAL,PASS1_V2_BLOCO_19_RECONCILIADO,false,false,INDEX_SEM_FLAG_MANUAL_OU_CONSISTENTE,
drive-download-20260403T124026Z-3-001_224929\605042319.pdf,be67613ceff1c2ec6f04a6d7becdf40a0e90b5fa25ebc3171932c9a838d1899a,VERDE_SEGURO,,promocao_manual_revisada_cursor_b14_b20,OFICIAL,PROMOCAO_MANUAL_REVISADA_CURSOR,false,false,INDEX_SEM_FLAG_MANUAL_OU_CONSISTENTE,
drive-download-20260403T124026Z-3-001_224929\605042320.pdf,2202d6b9df9e4048b09e733f806400b83eb8beb62ad87a586e4ca878f68525e6,VERDE_SEGURO,,extraidos_motor_fase7a_pass1_v2_block_19_flash,OFICIAL,PASS1_V2_BLOCO_19_RECONCILIADO,false,false,INDEX_SEM_FLAG_MANUAL_OU_CONSISTENTE,
drive-download-20260403T124026Z-3-001_224929\605042321.pdf,b316c0deadd6b4f5079677ef83f76fe50e0ddb92eccc730fca9cff07c064b100,VERDE_SEGURO,,extraidos_motor_fase7a_pass1_v2_block_19_flash,OFICIAL,PASS1_V2_BLOCO_19_RECONCILIADO,false,false,INDEX_SEM_FLAG_MANUAL_OU_CONSISTENTE,
drive-download-20260403T124026Z-3-001_224929\605042324.pdf,1e0061ccb82dcee1a0f99704811991b9d26b885114b84e33f693aff69fa760b9,VERDE_SEGURO,,extraidos_motor_fase7a_pass1_v2_block_19_flash,OFICIAL,PASS1_V2_BLOCO_19_RECONCILIADO,false,false,INDEX_SEM_FLAG_MANUAL_OU_CONSISTENTE,
drive-download-20260403T124026Z-3-001_224929\605042325 (2).pdf,c837871514c6f8ea6f74e406ef8e40035280d31161f2bf4300cbeaae850db428,VERDE_SEGURO,,promocao_manual_revisada_cursor_b14_b20,OFICIAL,PROMOCAO_MANUAL_REVISADA_CURSOR,false,false,INDEX_SEM_FLAG_MANUAL_OU_CONSISTENTE,
drive-download-20260403T124026Z-3-001_224929\605042325.pdf,524cb69df58ddb1fb80b274c690bcb033fdedcb45de30cc0158d95a44354ca7c,VERDE_SEGURO,,extraidos_motor_fase7a_pass1_v2_block_19_flash,OFICIAL,PASS1_V2_BLOCO_19_RECONCILIADO,false,false,INDEX_SEM_FLAG_MANUAL_OU_CONSISTENTE,
drive-download-20260403T124026Z-3-001_224929\605042326.pdf,196e2240ccdd98d0b9ccd1c12b2273de646fab38852ca1e1ee20198d44e224a1,VERDE_SEGURO,,extraidos_motor_fase7a_pass1_v2_block_19_flash,OFICIAL,PASS1_V2_BLOCO_19_RECONCILIADO,false,false,INDEX_SEM_FLAG_MANUAL_OU_CONSISTENTE,
drive-download-20260403T124026Z-3-001_224929\605042328.pdf,a60c6b2198b805d30696fa0bec367ff41d10630e1628eb38a2912e210fe530a6,VERDE_SEGURO,,extraidos_motor_fase7a_pass1_v2_block_19_flash,OFICIAL,PASS1_V2_BLOCO_19_RECONCILIADO,false,false,INDEX_SEM_FLAG_MANUAL_OU_CONSISTENTE,
drive-download-20260403T124026Z-3-001_224929\605042329.pdf,1f9974e83cbfd6bc4877525c835ced83874de307ceb6865c2ac6ce2c4230c44d,VERDE_SEGURO,,extraidos_motor_fase7a_pass1_v2_block_19_flash,OFICIAL,PASS1_V2_BLOCO_19_RECONCILIADO,false,false,INDEX_SEM_FLAG_MANUAL_OU_CONSISTENTE,
drive-download-20260403T124026Z-3-001_224929\605042332.pdf,d0029d25ff13d8c68387eef15b52229a290afffb31467d39cd18553507f77f77,VERDE_SEGURO,,extraidos_motor_fase7a_pass1_v2_block_20_flash,OFICIAL,PASS1_V2_BLOCO_20_RECONCILIADO,false,false,INDEX_SEM_FLAG_MANUAL_OU_CONSISTENTE,
drive-download-20260403T124026Z-3-001_224929\605042338.pdf,992a616aa57c5857fe395d1463ed38aa0b4245fd3ae2ffbd49ab9ced1267cb4c,VERDE_SEGURO,,extraidos_motor_fase7a_pass1_v2_block_20_flash,OFICIAL,PASS1_V2_BLOCO_20_RECONCILIADO,false,false,INDEX_SEM_FLAG_MANUAL_OU_CONSISTENTE,
drive-download-20260403T124026Z-3-001_224929\605042341.pdf,066e30a9eb123958a4f9f44c4a9a69afde2300308421cb999fbabe50bce0705d,VERDE_SEGURO,,extraidos_motor_fase7a_pass1_v2_block_20_flash,OFICIAL,PASS1_V2_BLOCO_20_RECONCILIADO,false,false,INDEX_SEM_FLAG_MANUAL_OU_CONSISTENTE,
drive-download-20260403T124026Z-3-001_224929\605042346.pdf,bce1e91f019a104f352c5e6d6deab7211786d91724023e0856c837a4ecdf240c,VERDE_SEGURO,,extraidos_motor_fase7a_pass1_v2_block_20_flash,OFICIAL,PASS1_V2_BLOCO_20_RECONCILIADO,false,false,INDEX_SEM_FLAG_MANUAL_OU_CONSISTENTE,
drive-download-20260403T124026Z-3-001_224929\605042347.pdf,6568bddacceb7c2faba1160bd26529eb895eaecf141a33b8eadb5f5a6a400c7f,VERDE_SEGURO,,extraidos_motor_fase7a_pass1_v2_block_20_flash,OFICIAL,PASS1_V2_BLOCO_20_RECONCILIADO,false,false,INDEX_SEM_FLAG_MANUAL_OU_CONSISTENTE,
drive-download-20260403T124026Z-3-001_224929\605042350.pdf,36fee10e09733bb247ce261fb3f9196e0b92773640450f805c9a05b389391c66,VERDE_SEGURO,,extraidos_motor_fase7a_pass1_v2_block_20_flash,OFICIAL,PASS1_V2_BLOCO_20_RECONCILIADO,false,false,INDEX_SEM_FLAG_MANUAL_OU_CONSISTENTE,
drive-download-20260403T124026Z-3-001_224929\605042352.pdf,26b980ccaf5259586efee6ff707cca3a84a0b6e86479a53850548b55fd0d8fbc,VERDE_SEGURO,,promocao_manual_revisada_cursor_b14_b20,OFICIAL,PROMOCAO_MANUAL_REVISADA_CURSOR,false,false,INDEX_SEM_FLAG_MANUAL_OU_CONSISTENTE,
drive-download-20260403T124026Z-3-001_224929\605042356.pdf,93cd48d0c32a6f4f97b8e48b48e96d50f1e364a52a3059e4c8f3278bb8fc4f7e,VERDE_SEGURO,,promocao_manual_revisada_cursor_b14_b20,OFICIAL,PROMOCAO_MANUAL_REVISADA_CURSOR,false,false,INDEX_SEM_FLAG_MANUAL_OU_CONSISTENTE,
drive-download-20260403T124026Z-3-001_224929\605042358.pdf,8a57330c89262c7140975ae923fb2c08b8e21efcec39c1270da5b828352e12d4,VERDE_SEGURO,,promocao_manual_revisada_cursor_b14_b20,OFICIAL,PROMOCAO_MANUAL_REVISADA_CURSOR,false,false,INDEX_SEM_FLAG_MANUAL_OU_CONSISTENTE,
drive-download-20260403T124026Z-3-001_224929\605042359.pdf,eff1d5af039d49b314530a067d723520f0c99bb64e09b5e6d4d03a204030f995,VERDE_SEGURO,,extraidos_motor_fase7a_pass1_v2_block_20_flash,OFICIAL,PASS1_V2_BLOCO_20_RECONCILIADO,false,false,INDEX_SEM_FLAG_MANUAL_OU_CONSISTENTE,
drive-download-20260403T124026Z-3-001_224929\605042360.pdf,6171577442c78cbfadf2b97441bbdc803309d69e7449cf320f73143082b9a163,VERDE_SEGURO,,extraidos_motor_fase7a_pass1_v2_block_20_flash,OFICIAL,PASS1_V2_BLOCO_20_RECONCILIADO,false,false,INDEX_SEM_FLAG_MANUAL_OU_CONSISTENTE,
drive-download-20260403T124026Z-3-001_224929\605042363.pdf,031739ed0a0323beeea233c0484f7123639fe68384f9951b05fc0c329172df4b,VERDE_SEGURO,,extraidos_motor_fase7a_pass1_v2_block_20_flash,OFICIAL,PASS1_V2_BLOCO_20_RECONCILIADO,false,false,INDEX_SEM_FLAG_MANUAL_OU_CONSISTENTE,
drive-download-20260403T124026Z-3-001_224929\605042364.pdf,c0f1afbd5caf0c9bc2b202f8f2898733a4993725bc629567630a64ce72fc93b9,VERDE_SEGURO,,extraidos_motor_fase7a_pass1_v2_block_21_flash,OFICIAL,PASS1_V2_BLOCO_21_RECONCILIADO,false,false,INDEX_SEM_FLAG_MANUAL_OU_CONSISTENTE,
drive-download-20260403T124026Z-3-001_224929\605042368.pdf,15dcc1f2c98a8ec003fa115beffb51ae89b2ea30c16644ccdadef11a75aadbc5,VERDE_SEGURO,,extraidos_motor_fase7a_pass1_v2_block_21_flash,OFICIAL,PASS1_V2_BLOCO_21_RECONCILIADO,false,false,INDEX_SEM_FLAG_MANUAL_OU_CONSISTENTE,
drive-download-20260403T124026Z-3-001_224929\605042369.pdf,ed6629e4027e02679c7a21bede41dfee1b5905b69c342169d8d62be76bb0e06b,VERDE_SEGURO,,extraidos_motor_fase7a_pass1_v2_block_21_flash,OFICIAL,PASS1_V2_BLOCO_21_RECONCILIADO,false,false,INDEX_SEM_FLAG_MANUAL_OU_CONSISTENTE,
drive-download-20260403T124026Z-3-001_224929\605042370.pdf,938bfc3903ff7324c2f496eec769ec66949b70adc424ec6310917178c1cbd6f7,VERDE_SEGURO,,extraidos_motor_fase7a_pass1_v2_block_21_flash,OFICIAL,PASS1_V2_BLOCO_21_RECONCILIADO,false,false,INDEX_SEM_FLAG_MANUAL_OU_CONSISTENTE,
drive-download-20260403T124026Z-3-001_224929\605042378.pdf,3dedced308c881f7696a5bcb16e7ebee65066a0d5d1f89f2b7e56d1d18f363b1,VERDE_SEGURO,,extraidos_motor_fase7a_pass1_v2_block_21_flash,OFICIAL,PASS1_V2_BLOCO_21_RECONCILIADO,false,false,INDEX_SEM_FLAG_MANUAL_OU_CONSISTENTE,
drive-download-20260403T124026Z-3-001_224929\605042382.pdf,b9b0c995eb0d4ea509b9dc81399eb44564b05f4c2110a07053cccfcb20bea616,VERDE_SEGURO,,extraidos_motor_fase7a_pass1_v2_block_21_flash,OFICIAL,PASS1_V2_BLOCO_21_RECONCILIADO,false,false,INDEX_SEM_FLAG_MANUAL_OU_CONSISTENTE,
drive-download-20260403T124026Z-3-001_224929\605042384.pdf,a0ea1c8f59ff157102d6f2bcc3b3c073c030975ade250d53b0e15df090af7cd5,VERDE_SEGURO,,extraidos_motor_fase7a_pass1_v2_block_21_flash,OFICIAL,PASS1_V2_BLOCO_21_RECONCILIADO,false,false,INDEX_SEM_FLAG_MANUAL_OU_CONSISTENTE,
drive-download-20260403T124026Z-3-001_224929\605042385.pdf,de240b363c48bd3b19220a1cf4b4d1d0ef8d617cfe3555bc6a024051d06e67cc,VERDE_SEGURO,,extraidos_motor_fase7a_pass1_v2_block_21_flash,OFICIAL,PASS1_V2_BLOCO_21_RECONCILIADO,false,false,INDEX_SEM_FLAG_MANUAL_OU_CONSISTENTE,
drive-download-20260403T124026Z-3-001_224929\605042388.pdf,d45fbe29804e0613f449549df5f6f0f2323a75979be93a31d9a82a99cb86a88c,VERDE_SEGURO,,extraidos_motor_fase7a_pass1_v2_block_21_flash,OFICIAL,PASS1_V2_BLOCO_21_RECONCILIADO,false,false,INDEX_SEM_FLAG_MANUAL_OU_CONSISTENTE,
drive-download-20260403T124026Z-3-001_224929\605042389.pdf,c99edc21dbb3a66537d625067677b125195739ce925321875c073dda9162282e,VERDE_SEGURO,,extraidos_motor_fase7a_pass1_v2_block_21_flash,OFICIAL,PASS1_V2_BLOCO_21_RECONCILIADO,false,false,INDEX_SEM_FLAG_MANUAL_OU_CONSISTENTE,
drive-download-20260403T124026Z-3-001_224929\605042400.pdf,6a86e6c2c92e6e361f4f60d98db5361a206e109643cecef7d42a80e904dbf20c,VERDE_SEGURO,,extraidos_motor_fase7a_pass1_v2_block_21_flash,OFICIAL,PASS1_V2_BLOCO_21_RECONCILIADO,false,false,INDEX_SEM_FLAG_MANUAL_OU_CONSISTENTE,
drive-download-20260403T124026Z-3-001_224929\605042401.pdf,8090000675481af7eef04e85f7fb3926d205244fbfb458fb50a0800d12752401,VERDE_SEGURO,,extraidos_motor_fase7a_pass1_v2_block_22_flash,OFICIAL,PASS1_V2_BLOCO_22_RECONCILIADO,false,false,INDEX_SEM_FLAG_MANUAL_OU_CONSISTENTE,
drive-download-20260403T124026Z-3-001_224929\605042405.pdf,f5cb9ba36535a4b41c370f41aa0fd595754d72a861294f0049da21079faf544d,VERDE_SEGURO,,extraidos_motor_fase7a_pass1_v2_block_22_flash,OFICIAL,PASS1_V2_BLOCO_22_RECONCILIADO,false,false,INDEX_SEM_FLAG_MANUAL_OU_CONSISTENTE,
drive-download-20260403T124026Z-3-001_224929\605042410.pdf,44ff91cc84c3351fc1b048e9a36c0241a9c7580e0ba6fdf842a5884c2418f7a6,VERDE_SEGURO,,extraidos_motor_fase7a_pass1_v2_block_22_flash,OFICIAL,PASS1_V2_BLOCO_22_RECONCILIADO,false,false,INDEX_SEM_FLAG_MANUAL_OU_CONSISTENTE,
drive-download-20260403T124026Z-3-001_224929\605042414.pdf,d5bc58999c64655889a04965630d45c91b65a776011552f3e49f52f4238e77ca,VERDE_SEGURO,,extraidos_motor_fase7a_pass1_v2_block_22_flash,OFICIAL,PASS1_V2_BLOCO_22_RECONCILIADO,false,false,INDEX_SEM_FLAG_MANUAL_OU_CONSISTENTE,
drive-download-20260403T124026Z-3-001_224929\605042416.pdf,2134c2e7481b4c7e08a5fb5bbdbe6e95fee3ac58ee2162e4ab652771f304522b,VERDE_SEGURO,,extraidos_motor_fase7a_pass1_v2_block_22_flash,OFICIAL,PASS1_V2_BLOCO_22_RECONCILIADO,false,false,INDEX_SEM_FLAG_MANUAL_OU_CONSISTENTE,
drive-download-20260403T124026Z-3-001_224929\605042422.pdf,612721867b7d53b0421695a993efa7596aa688bf8d02637bbcbdb29e97702612,VERDE_SEGURO,,extraidos_motor_fase7a_pass1_v2_block_22_flash,OFICIAL,PASS1_V2_BLOCO_22_RECONCILIADO,false,false,INDEX_SEM_FLAG_MANUAL_OU_CONSISTENTE,
drive-download-20260403T124026Z-3-001_224929\605042423.pdf,648ccfe385601ff6af9d692897ab92d3eec5fcc61049ff58e2858564dd9a3d08,VERDE_SEGURO,,extraidos_motor_fase7a_pass1_v2_block_22_flash,OFICIAL,PASS1_V2_BLOCO_22_RECONCILIADO,false,false,INDEX_SEM_FLAG_MANUAL_OU_CONSISTENTE,
drive-download-20260403T124026Z-3-001_224929\605042427.pdf,6601b583cea43d824ddc3e5314dea0299c5daf91a56cb0fd295297b180b468fb,VERDE_SEGURO,,extraidos_motor_fase7a_pass1_v2_block_22_flash,OFICIAL,PASS1_V2_BLOCO_22_RECONCILIADO,false,false,INDEX_SEM_FLAG_MANUAL_OU_CONSISTENTE,
drive-download-20260403T124026Z-3-001_224929\605042429.pdf,479677c23e319142c4a6edf2bcb3adea81649a016218d0bb1555c5378fcda277,VERDE_SEGURO,,extraidos_motor_fase7a_pass1_v2_block_22_flash,OFICIAL,PASS1_V2_BLOCO_22_RECONCILIADO,false,false,INDEX_SEM_FLAG_MANUAL_OU_CONSISTENTE,
drive-download-20260403T124026Z-3-001_224929\605042431.pdf,6e8f8e14df9b37521b12149cc85bd94758a662cdebc0ea6f901d44f29f5eb1ec,VERDE_SEGURO,,extraidos_motor_fase7a_pass1_v2_block_22_flash,OFICIAL,PASS1_V2_BLOCO_22_RECONCILIADO,false,false,INDEX_SEM_FLAG_MANUAL_OU_CONSISTENTE,
drive-download-20260403T124026Z-3-001_224929\605042436.pdf,a0e388685c6c6c5fa111dd36a7d598dfd4bb1d84e1002ed3a445e6df51607406,VERDE_SEGURO,,extraidos_motor_fase7a_pass1_v2_block_22_flash,OFICIAL,PASS1_V2_BLOCO_22_RECONCILIADO,false,false,INDEX_SEM_FLAG_MANUAL_OU_CONSISTENTE,
drive-download-20260403T124026Z-3-001_224929\605042438.pdf,67724d51ee3acd6eb8fdef21ccc4f9d9c1d39c912a4953432aaf57c629150b07,VERDE_SEGURO,,extraidos_motor_fase7a_pass1_v2_block_22_flash,OFICIAL,PASS1_V2_BLOCO_22_RECONCILIADO,false,false,INDEX_SEM_FLAG_MANUAL_OU_CONSISTENTE,
drive-download-20260403T124026Z-3-001_224929\605042440.pdf,571800ce2faad9fdcfb0b9d5f670737530e193903bd01d8ae6e37bdb4c19b78f,VERDE_SEGURO,,extraidos_motor_fase7a_pass1_v2_block_23_flash,OFICIAL,PASS1_V2_BLOCO_23_RECONCILIADO,false,false,INDEX_SEM_FLAG_MANUAL_OU_CONSISTENTE,
drive-download-20260403T124026Z-3-001_224929\605042448.pdf,3c02e8618e7c27be53a363d9a294a10371497eef316fccca535c2e1fae1779b5,VERDE_SEGURO,,extraidos_motor_fase7a_pass1_v2_block_23_flash,OFICIAL,PASS1_V2_BLOCO_23_RECONCILIADO,false,false,INDEX_SEM_FLAG_MANUAL_OU_CONSISTENTE,
drive-download-20260403T124026Z-3-001_224929\605042449.pdf,be57d290df6395ad435be7917a29cf1baaa2ebcc8cf03cbaca812ae0fef44bdb,VERDE_SEGURO,,extraidos_motor_fase7a_pass1_v2_block_23_flash,OFICIAL,PASS1_V2_BLOCO_23_RECONCILIADO,false,false,INDEX_SEM_FLAG_MANUAL_OU_CONSISTENTE,
drive-download-20260403T124026Z-3-001_224929\605042450.pdf,bccb246490ea5b9af83375f6972dc442635b2e85cef46999d11e3c66b325f211,VERDE_SEGURO,,extraidos_motor_fase7a_pass1_v2_block_23_flash,OFICIAL,PASS1_V2_BLOCO_23_RECONCILIADO,false,false,INDEX_SEM_FLAG_MANUAL_OU_CONSISTENTE,
drive-download-20260403T124026Z-3-001_224929\605042453.pdf,743162ba76974e602b448aef82dff3dd5af2ff999c87b188fe41dd80c04672ab,VERDE_SEGURO,,extraidos_motor_fase7a_pass1_v2_block_23_flash,OFICIAL,PASS1_V2_BLOCO_23_RECONCILIADO,false,false,INDEX_SEM_FLAG_MANUAL_OU_CONSISTENTE,
drive-download-20260403T124026Z-3-001_224929\605042458.pdf,df2b0285d128d20cdb1536aedaf0553d558fac61dfdd8fa0ad2d9a993faf781a,VERDE_SEGURO,,extraidos_motor_fase7a_pass1_v2_block_23_flash,OFICIAL,PASS1_V2_BLOCO_23_RECONCILIADO,false,false,INDEX_SEM_FLAG_MANUAL_OU_CONSISTENTE,
drive-download-20260403T124026Z-3-001_224929\605042460.pdf,861ab0347a82780767dc23173ade5fb1ad00090cac9abde526994412ff0207a1,VERDE_SEGURO,,extraidos_motor_fase7a_pass1_v2_block_23_flash,OFICIAL,PASS1_V2_BLOCO_23_RECONCILIADO,false,false,INDEX_SEM_FLAG_MANUAL_OU_CONSISTENTE,
drive-download-20260403T124026Z-3-001_224929\605042461.pdf,a91866158940f8481da2fee97a1e577418cf1aa0d7cb57ee4c70dc6a0be9690b,VERDE_SEGURO,,extraidos_motor_fase7a_pass1_v2_block_23_flash,OFICIAL,PASS1_V2_BLOCO_23_RECONCILIADO,false,false,INDEX_SEM_FLAG_MANUAL_OU_CONSISTENTE,
drive-download-20260403T124026Z-3-001_224929\605042466.pdf,0b03cd8da0b493a7dc6bdf1d362e65b7c1656c47a84b83b1c79f19ec18d272bd,VERDE_SEGURO,,extraidos_motor_fase7a_pass1_v2_block_23_flash,OFICIAL,PASS1_V2_BLOCO_23_RECONCILIADO,false,false,INDEX_SEM_FLAG_MANUAL_OU_CONSISTENTE,
drive-download-20260403T124026Z-3-001_224929\605042469.pdf,244b26f76dfbd88cabf5fddcd9bfe411934a7089c9f1ade8ff997b14410c04b6,VERDE_SEGURO,,extraidos_motor_fase7a_pass1_v2_block_24_flash,OFICIAL,PASS1_V2_BLOCO_24_RECONCILIADO,false,false,INDEX_SEM_FLAG_MANUAL_OU_CONSISTENTE,
drive-download-20260403T124026Z-3-001_224929\605042475.pdf,1e7b1e2bf331d8673f793b61de2a8df7f5866144cb759d209c976e2371dd0094,VERDE_SEGURO,,extraidos_motor_fase7a_pass1_v2_block_24_flash,OFICIAL,PASS1_V2_BLOCO_24_RECONCILIADO,false,false,INDEX_SEM_FLAG_MANUAL_OU_CONSISTENTE,
drive-download-20260403T124026Z-3-001_224929\605042478.pdf,58d90e4a09a0b8995d448388fcb0c44f6104d1d8e4096428fd8edda531d95937,VERDE_SEGURO,,extraidos_motor_fase7a_pass1_v2_block_24_flash,OFICIAL,PASS1_V2_BLOCO_24_RECONCILIADO,false,false,INDEX_SEM_FLAG_MANUAL_OU_CONSISTENTE,
drive-download-20260403T124026Z-3-001_224929\605042480.pdf,54bc6fed7ae70e439d515d8130cb2d50580de8b58993c2a36436c1187f601fc5,VERDE_SEGURO,,extraidos_motor_fase7a_pass1_v2_block_24_flash,OFICIAL,PASS1_V2_BLOCO_24_RECONCILIADO,false,false,INDEX_SEM_FLAG_MANUAL_OU_CONSISTENTE,
drive-download-20260403T124026Z-3-001_224929\605042482.pdf,26c49730338a02a2079f741200249e907145689b53fa70f37f4548feba51249b,VERDE_SEGURO,,extraidos_motor_fase7a_pass1_v2_block_24_flash,OFICIAL,PASS1_V2_BLOCO_24_RECONCILIADO,false,false,INDEX_SEM_FLAG_MANUAL_OU_CONSISTENTE,
drive-download-20260403T124026Z-3-001_224929\605042485.pdf,e2c864eab04ff593f1b0938c01b9db027f7e187379cde1cbb450c7c5037ddfe4,VERDE_SEGURO,,extraidos_motor_fase7a_pass1_v2_block_24_flash,OFICIAL,PASS1_V2_BLOCO_24_RECONCILIADO,false,false,INDEX_SEM_FLAG_MANUAL_OU_CONSISTENTE,
drive-download-20260403T124026Z-3-001_224929\605042490.pdf,98e8b198d2708cdec018b21a4795bfaf106ec6267c51f01d607984c860765183,VERDE_SEGURO,,extraidos_motor_fase7a_pass1_v2_block_24_flash,OFICIAL,PASS1_V2_BLOCO_24_RECONCILIADO,false,false,INDEX_SEM_FLAG_MANUAL_OU_CONSISTENTE,
drive-download-20260403T124026Z-3-001_224929\605042492.pdf,60c5b15dd87665e1e4a4757082899a75a37998484f38d342059c32304e5a46be,VERDE_SEGURO,,extraidos_motor_fase7a_pass1_v2_block_24_flash,OFICIAL,PASS1_V2_BLOCO_24_RECONCILIADO,false,false,INDEX_SEM_FLAG_MANUAL_OU_CONSISTENTE,
drive-download-20260403T124026Z-3-001_224929\605042494.pdf,ae0b6559f6f8082afad029bc28142e75bf040b5be1cc586f42614205535ea9e0,VERDE_SEGURO,,extraidos_motor_fase7a_pass1_v2_block_24_flash,OFICIAL,PASS1_V2_BLOCO_24_RECONCILIADO,false,false,INDEX_SEM_FLAG_MANUAL_OU_CONSISTENTE,
drive-download-20260403T124026Z-3-001_224929\605042495.pdf,a884334b7d7bfe772c7bf96e09e21a8ce895cfdd4689b8961db0c8e18864c866,VERDE_SEGURO,,extraidos_motor_fase7a_pass1_v2_block_24_flash,OFICIAL,PASS1_V2_BLOCO_24_RECONCILIADO,false,false,INDEX_SEM_FLAG_MANUAL_OU_CONSISTENTE,
drive-download-20260403T124026Z-3-001_224929\605042497.pdf,2fa5019584258394237af464036ab7349e63a9a22732eb2a60761941494f102c,VERDE_SEGURO,,extraidos_motor_fase7a_pass1_v2_block_24_flash,OFICIAL,PASS1_V2_BLOCO_24_RECONCILIADO,false,false,INDEX_SEM_FLAG_MANUAL_OU_CONSISTENTE,
drive-download-20260403T124026Z-3-001_224929\605042505.pdf,d918ca979cd22054061f421f051d88cf1fc8df694ea967501844dece45004b21,VERDE_SEGURO,,extraidos_motor_fase7a_pass1_v2_block_25_flash,OFICIAL,PASS1_V2_BLOCO_25_RECONCILIADO,false,false,INDEX_SEM_FLAG_MANUAL_OU_CONSISTENTE,
drive-download-20260403T124026Z-3-001_224929\605042506.pdf,a3e2e71b09686a22321b5594ff3cc76d28b81bd4d9cdf135f986ed17145c336c,VERDE_SEGURO,,extraidos_motor_fase7a_pass1_v2_block_25_flash,OFICIAL,PASS1_V2_BLOCO_25_RECONCILIADO,false,false,INDEX_SEM_FLAG_MANUAL_OU_CONSISTENTE,
drive-download-20260403T124026Z-3-001_224929\605042507.pdf,616a583000eb058ccb130fd88a51a850b50c3f88edf7ad4b7c3e4bf4300e6894,VERDE_SEGURO,,extraidos_motor_fase7a_pass1_v2_block_25_flash,OFICIAL,PASS1_V2_BLOCO_25_RECONCILIADO,false,false,INDEX_SEM_FLAG_MANUAL_OU_CONSISTENTE,
drive-download-20260403T124026Z-3-001_224929\605042508.pdf,5b84935640fbf3dd81a8f5e8f5cb2ec0f08fd639a1e77dd89fb3b2b3e107a18e,VERDE_SEGURO,,extraidos_motor_fase7a_pass1_v2_block_25_flash,OFICIAL,PASS1_V2_BLOCO_25_RECONCILIADO,false,false,INDEX_SEM_FLAG_MANUAL_OU_CONSISTENTE,
drive-download-20260403T124026Z-3-001_224929\605042510.pdf,652662b35729a40311e81cd4f71b599d9b8a58cbcd6f0ca90adf8930f3df3ca6,VERDE_SEGURO,,extraidos_motor_fase7a_pass1_v2_block_25_flash,OFICIAL,PASS1_V2_BLOCO_25_RECONCILIADO,false,false,INDEX_SEM_FLAG_MANUAL_OU_CONSISTENTE,
drive-download-20260403T124026Z-3-001_224929\605042518.pdf,f316addad97002614abada845a815b5ea9555bf65f67aa537c542140f7ca4690,VERDE_SEGURO,,extraidos_motor_fase7a_pass1_v2_block_25_flash,OFICIAL,PASS1_V2_BLOCO_25_RECONCILIADO,false,false,INDEX_SEM_FLAG_MANUAL_OU_CONSISTENTE,
drive-download-20260403T124026Z-3-001_224929\605042530.pdf,6bffd03fbf265d4391032b2ba7b8e464aa0429602e88d182445fa1abab36df64,VERDE_SEGURO,,extraidos_motor_fase7a_pass1_v2_block_25_flash,OFICIAL,PASS1_V2_BLOCO_25_RECONCILIADO,false,false,INDEX_SEM_FLAG_MANUAL_OU_CONSISTENTE,
drive-download-20260403T124026Z-3-001_224929\605042533.pdf,5727a1ff81b23216edfbc30a1d896388e337cf80779a74ebec7c962c4f3dd323,VERDE_SEGURO,,extraidos_motor_fase7a_pass1_v2_block_25_flash,OFICIAL,PASS1_V2_BLOCO_25_RECONCILIADO,false,false,INDEX_SEM_FLAG_MANUAL_OU_CONSISTENTE,
drive-download-20260403T124026Z-3-001_224929\605042538.pdf,98ec54a845c9ec25127b0062065d05a479572c70bc536930e31362b13fd73eb7,VERDE_SEGURO,,extraidos_motor_fase7a_pass1_v2_block_26_flash,OFICIAL,PASS1_V2_BLOCO_26_RECONCILIADO,false,false,INDEX_SEM_FLAG_MANUAL_OU_CONSISTENTE,
drive-download-20260403T124026Z-3-001_224929\605042542.pdf,8fbd6dc5f57de287558485270b0ea30fe75539eb0c48487bb5d8ca905eed1129,VERDE_SEGURO,,extraidos_motor_fase7a_pass1_v2_block_26_flash,OFICIAL,PASS1_V2_BLOCO_26_RECONCILIADO,false,false,INDEX_SEM_FLAG_MANUAL_OU_CONSISTENTE,
drive-download-20260403T124026Z-3-001_224929\605042543.pdf,be5f88e24774d4e1bab3d5d84bba5aa06de04a52472e4d1b927a12c02743b99a,VERDE_SEGURO,,extraidos_motor_fase7a_pass1_v2_block_26_flash,OFICIAL,PASS1_V2_BLOCO_26_RECONCILIADO,false,false,INDEX_SEM_FLAG_MANUAL_OU_CONSISTENTE,
drive-download-20260403T124026Z-3-001_224929\605042546.pdf,b1d2f8b89f5214b47098aa9853b01ec8f9b6c4cc1d708e179a1b8454d4b052f1,VERDE_SEGURO,,extraidos_motor_fase7a_pass1_v2_block_26_flash,OFICIAL,PASS1_V2_BLOCO_26_RECONCILIADO,false,false,INDEX_SEM_FLAG_MANUAL_OU_CONSISTENTE,
drive-download-20260403T124026Z-3-001_224929\605042552.pdf,f5918205f67bb245aced337a237106757285e7b0341799f1a8f4802a3fd1c412,VERDE_SEGURO,,extraidos_motor_fase7a_pass1_v2_block_26_flash,OFICIAL,PASS1_V2_BLOCO_26_RECONCILIADO,false,false,INDEX_SEM_FLAG_MANUAL_OU_CONSISTENTE,
drive-download-20260403T124026Z-3-001_224929\605042553.pdf,1d33deb9d6257027c3ae33e810dcf521b023ac87ea5ecef329558c52a0357bf9,VERDE_SEGURO,,extraidos_motor_fase7a_pass1_v2_block_26_flash,OFICIAL,PASS1_V2_BLOCO_26_RECONCILIADO,false,false,INDEX_SEM_FLAG_MANUAL_OU_CONSISTENTE,
drive-download-20260403T124026Z-3-001_224929\605042557.pdf,9e9a5e59ff692bae13efbf69ae47a5a6b1cd44aa2e644dfa8b908aebb9f29828,VERDE_SEGURO,,extraidos_motor_fase7a_pass1_v2_block_26_flash,OFICIAL,PASS1_V2_BLOCO_26_RECONCILIADO,false,false,INDEX_SEM_FLAG_MANUAL_OU_CONSISTENTE,
drive-download-20260403T124026Z-3-001_224929\605042560.pdf,4073f3deb34d9156e459ca6ed2134d6f3b7523f8caae4abbf48c4837d9734f9d,VERDE_SEGURO,,extraidos_motor_fase7a_pass1_v2_block_26_flash,OFICIAL,PASS1_V2_BLOCO_26_RECONCILIADO,false,false,INDEX_SEM_FLAG_MANUAL_OU_CONSISTENTE,
drive-download-20260403T124026Z-3-001_224929\605042562.pdf,1d11d11209af0a378c0e26f135bb181bb658778058e01bc36a222f0f2e7fc1bf,VERDE_SEGURO,,extraidos_motor_fase7a_pass1_v2_block_26_flash,OFICIAL,PASS1_V2_BLOCO_26_RECONCILIADO,false,false,INDEX_SEM_FLAG_MANUAL_OU_CONSISTENTE,
drive-download-20260403T124026Z-3-001_224929\605042569.pdf,45c9a0da376d8755373c2cc4784c6227ef2d244fd7596f3285976ca08e41db0b,VERDE_SEGURO,,extraidos_motor_fase7a_pass1_v2_block_26_flash,OFICIAL,PASS1_V2_BLOCO_26_RECONCILIADO,false,false,INDEX_SEM_FLAG_MANUAL_OU_CONSISTENTE,
drive-download-20260403T124026Z-3-001_224929\605042572.pdf,70669821e7d8a7e828cf03912458694b54cfb93157f873d615cb6a08fc1cd7c5,VERDE_SEGURO,,extraidos_motor_fase7a_pass1_v2_block_26_flash,OFICIAL,PASS1_V2_BLOCO_26_RECONCILIADO,false,false,INDEX_SEM_FLAG_MANUAL_OU_CONSISTENTE,
drive-download-20260403T124026Z-3-001_224929\605042575.pdf,62885e291fa35fe31484b78cab216768a0effadd9297041886cf4f6514b21fd6,VERDE_SEGURO,,extraidos_motor_fase7a_pass1_v2_block_26_flash,OFICIAL,PASS1_V2_BLOCO_26_RECONCILIADO,false,false,INDEX_SEM_FLAG_MANUAL_OU_CONSISTENTE,
drive-download-20260403T124026Z-3-001_224929\605042576.pdf,9a25e6512c3f3b1602e3c51205e0e573afee412cb986ca4e3d0587e6566fa885,VERDE_SEGURO,,extraidos_motor_fase7a_pass1_v2_block_26_flash,OFICIAL,PASS1_V2_BLOCO_26_RECONCILIADO,false,false,INDEX_SEM_FLAG_MANUAL_OU_CONSISTENTE,
drive-download-20260403T124026Z-3-001_224929\605042593.pdf,5db2ab7f57b6a5c24fcbaee07c25f9f8df4a4e39ade56f4839bb52dd719ff6f9,VERDE_SEGURO,,extraidos_motor_fase7a_pass1_v2_block_26_flash,OFICIAL,PASS1_V2_BLOCO_26_RECONCILIADO,false,false,INDEX_SEM_FLAG_MANUAL_OU_CONSISTENTE,
drive-download-20260403T124026Z-3-001_224929\605042594.pdf,0000963949dca7882cdb8c90cb9429973da4294c3c2048f26ada65b6e3079c5a,VERDE_SEGURO,,extraidos_motor_fase7a_pass1_v2_block_27_flash,OFICIAL,PASS1_V2_BLOCO_27_RECONCILIADO,false,false,INDEX_SEM_FLAG_MANUAL_OU_CONSISTENTE,
drive-download-20260403T124026Z-3-001_224929\605042597.pdf,411e7eb4e335ab9f5adb45569608d4a4abc9f244e7d07146bfad8458dcd3a421,VERDE_SEGURO,,extraidos_motor_fase7a_pass1_v2_block_27_flash,OFICIAL,PASS1_V2_BLOCO_27_RECONCILIADO,false,false,INDEX_SEM_FLAG_MANUAL_OU_CONSISTENTE,
drive-download-20260403T124026Z-3-001_224929\605042600.pdf,09d193e05ecd04a4217c9e13f95db76873dee9cb590be3e0b0b56d52f8c93d89,VERDE_SEGURO,,extraidos_motor_fase7a_pass1_v2_block_27_flash,OFICIAL,PASS1_V2_BLOCO_27_RECONCILIADO,false,false,INDEX_SEM_FLAG_MANUAL_OU_CONSISTENTE,
drive-download-20260403T124026Z-3-001_224929\605042601.pdf,82232569bb851bd908d173b0a9edf78dfe34d83a1b3d5844d479cd72ed571cef,VERDE_SEGURO,,extraidos_motor_fase7a_pass1_v2_block_27_flash,OFICIAL,PASS1_V2_BLOCO_27_RECONCILIADO,false,false,INDEX_SEM_FLAG_MANUAL_OU_CONSISTENTE,
drive-download-20260403T124026Z-3-001_224929\605042602.pdf,51d04fc70134f062e25b7361ce59a2281fa1db823e7976780799beb4fa785715,VERDE_SEGURO,,extraidos_motor_fase7a_pass1_v2_block_27_flash,OFICIAL,PASS1_V2_BLOCO_27_RECONCILIADO,false,false,INDEX_SEM_FLAG_MANUAL_OU_CONSISTENTE,
drive-download-20260403T124026Z-3-001_224929\605042604.pdf,d79b77042eb142b8147a0315fe61364fb7fa815b3d35a148209dfa3f0d2f70a8,VERDE_SEGURO,,extraidos_motor_fase7a_pass1_v2_block_27_flash,OFICIAL,PASS1_V2_BLOCO_27_RECONCILIADO,false,false,INDEX_SEM_FLAG_MANUAL_OU_CONSISTENTE,
drive-download-20260403T124026Z-3-001_224929\605042606.pdf,3559dd8dd750a067c8dd294df0d4bb1e75cf1c392c4947225c08aba83d47f3c4,VERDE_SEGURO,,extraidos_motor_fase7a_pass1_v2_block_27_flash,OFICIAL,PASS1_V2_BLOCO_27_RECONCILIADO,false,false,INDEX_SEM_FLAG_MANUAL_OU_CONSISTENTE,
drive-download-20260403T124026Z-3-001_224929\605042614.pdf,01136370a352badcdf9a09377846aeb4b1aebd4f12a02aefe02b88fb6beb52d5,VERDE_SEGURO,,extraidos_motor_fase7a_pass1_v2_block_27_flash,OFICIAL,PASS1_V2_BLOCO_27_RECONCILIADO,false,false,INDEX_SEM_FLAG_MANUAL_OU_CONSISTENTE,
drive-download-20260403T124026Z-3-001_224929\605042628.pdf,fab8452edd0231a4428da003f3dabfd584e1994c50291aca229bab6ca88ba1e7,VERDE_SEGURO,,extraidos_motor_fase7a_pass1_v2_block_27_flash,OFICIAL,PASS1_V2_BLOCO_27_RECONCILIADO,false,false,INDEX_SEM_FLAG_MANUAL_OU_CONSISTENTE,
drive-download-20260403T124026Z-3-001_224929\605042631.pdf,a0742755f8fcc9fa01a356792399750eee74e3f5f5ce4c871368aa12f7e60319,VERDE_SEGURO,,extraidos_motor_fase7a_pass1_v2_block_28_flash,OFICIAL,PASS1_V2_BLOCO_28_RECONCILIADO,false,false,INDEX_SEM_FLAG_MANUAL_OU_CONSISTENTE,
drive-download-20260403T124026Z-3-001_224929\605044013.pdf,4b05a4cefe734b48311dbd169af14f35c35391de7b3de2d43d4421c253e75c22,VERDE_SEGURO,,extraidos_motor_fase7a_pass1_v2_block_28_flash,OFICIAL,PASS1_V2_BLOCO_28_RECONCILIADO,false,false,INDEX_SEM_FLAG_MANUAL_OU_CONSISTENTE,
drive-download-20260403T124026Z-3-001_224929\605045007.pdf,d0fa9556ce98654de9648fd11427aa4039d5cf616c6b6f2a9f7f327a1f5d76a9,VERDE_SEGURO,,extraidos_motor_fase7a_pass1_v2_block_28_flash,OFICIAL,PASS1_V2_BLOCO_28_RECONCILIADO,false,false,INDEX_SEM_FLAG_MANUAL_OU_CONSISTENTE,
drive-download-20260403T124026Z-3-001_224929\605045008.pdf,cd58fa693a7885e46117462fa2df69ac5dbfd78404d2c55f331206c13a721e0f,VERDE_SEGURO,,extraidos_motor_fase7a_pass1_v2_block_28_flash,OFICIAL,PASS1_V2_BLOCO_28_RECONCILIADO,false,false,INDEX_SEM_FLAG_MANUAL_OU_CONSISTENTE,
drive-download-20260403T124026Z-3-001_224929\605046002.pdf,bfc57f7960c496aab9e91055e63666b646c08f9a3b5b50e7a2308ea61b8f44f3,VERDE_SEGURO,,extraidos_motor_fase7a_pass1_v2_block_28_flash,OFICIAL,PASS1_V2_BLOCO_28_RECONCILIADO,false,false,INDEX_SEM_FLAG_MANUAL_OU_CONSISTENTE,
drive-download-20260403T124026Z-3-001_224929\605046013.pdf,658ab659318c97deaf42d9709465b4190f1ac880e6588b75b6ccd6c98e71b7a6,VERDE_SEGURO,,extraidos_motor_fase7a_pass1_v2_block_28_flash,OFICIAL,PASS1_V2_BLOCO_28_RECONCILIADO,false,false,INDEX_SEM_FLAG_MANUAL_OU_CONSISTENTE,
drive-download-20260403T124026Z-3-001_224929\605046015.pdf,db28c6561216ec40815d2a62990552230c9fe4c54389fcdc25596c94f287fbb5,VERDE_SEGURO,,extraidos_motor_fase7a_pass1_v2_block_28_flash,OFICIAL,PASS1_V2_BLOCO_28_RECONCILIADO,false,false,INDEX_SEM_FLAG_MANUAL_OU_CONSISTENTE,
drive-download-20260403T124026Z-3-001_224929\605046021.pdf,be78ec4b7086082c795e6770717be0ff8f0e1e3dd33c5521a84e7e5f709b3577,VERDE_SEGURO,,extraidos_motor_fase7a_pass1_v2_block_28_flash,OFICIAL,PASS1_V2_BLOCO_28_RECONCILIADO,false,false,INDEX_SEM_FLAG_MANUAL_OU_CONSISTENTE,
drive-download-20260403T124026Z-3-001_224929\605046022.pdf,a24e45267c1bca5bc4b42d7d456d105e0d18512f58c345aa63c661daf9003fda,VERDE_SEGURO,,extraidos_motor_fase7a_pass1_v2_block_28_flash,OFICIAL,PASS1_V2_BLOCO_28_RECONCILIADO,false,false,INDEX_SEM_FLAG_MANUAL_OU_CONSISTENTE,
drive-download-20260403T124026Z-3-001_224929\605046023.pdf,0ac81af2a9ab4d014f0d44a99806da4bd189759b90f863a58298045b5f8b1bec,VERDE_SEGURO,,extraidos_motor_fase7a_pass1_v2_block_28_flash,OFICIAL,PASS1_V2_BLOCO_28_RECONCILIADO,false,false,INDEX_SEM_FLAG_MANUAL_OU_CONSISTENTE,
drive-download-20260403T124026Z-3-001_224929\605046027.pdf,e26e66f197c1eef38db7c1e64e9d9865c76df5ad49708ee8a5e2ed1501fd36b8,VERDE_SEGURO,,extraidos_motor_fase7a_pass1_v2_block_28_flash,OFICIAL,PASS1_V2_BLOCO_28_RECONCILIADO,false,false,INDEX_SEM_FLAG_MANUAL_OU_CONSISTENTE,
drive-download-20260403T124026Z-3-001_224929\605046034.pdf,4703ef395553d45f282e69a1c18ef758f51fd499978e357ae48f7dd4e9c720ec,VERDE_SEGURO,,extraidos_motor_fase7a_pass1_v2_block_29_flash,OFICIAL,PASS1_V2_BLOCO_29_RECONCILIADO,false,false,INDEX_SEM_FLAG_MANUAL_OU_CONSISTENTE,
drive-download-20260403T124026Z-3-001_224929\605050002.pdf,d014b6ff2cda70504a05aa6d22dcd7c1aead5f20c00715402ed1f057959bcada,VERDE_SEGURO,,extraidos_motor_fase7a_pass1_v2_block_29_flash,OFICIAL,PASS1_V2_BLOCO_29_RECONCILIADO,false,false,INDEX_SEM_FLAG_MANUAL_OU_CONSISTENTE,
drive-download-20260403T124026Z-3-001_224929\605050003.pdf,7a809fef72e4cf3fd2f8ac54224d38e7609e630bc6577f49a272fef8aa8a2826,VERDE_SEGURO,,extraidos_motor_fase7a_pass1_v2_block_29_flash,OFICIAL,PASS1_V2_BLOCO_29_RECONCILIADO,false,false,INDEX_SEM_FLAG_MANUAL_OU_CONSISTENTE,
drive-download-20260403T124026Z-3-001_224929\605050004.pdf,2d28084f4ac77852c7fd2267d81fb0339c49923cde933832e7108223074351ee,VERDE_SEGURO,,extraidos_motor_fase7a_pass1_v2_block_29_flash,OFICIAL,PASS1_V2_BLOCO_29_RECONCILIADO,false,false,INDEX_SEM_FLAG_MANUAL_OU_CONSISTENTE,
drive-download-20260403T124026Z-3-001_224929\605051007.pdf,ebd3794b502668aec442c9866a85bf4dd98a9ebfc19da3b47a4b243a466b1511,VERDE_SEGURO,,extraidos_motor_fase7a_pass1_v2_block_29_flash,OFICIAL,PASS1_V2_BLOCO_29_RECONCILIADO,false,false,INDEX_SEM_FLAG_MANUAL_OU_CONSISTENTE,
drive-download-20260403T124026Z-3-001_224929\605051008.pdf,6c48528d9969028c3b3d073090f13955d1e8569ee5ce25c7fa346afba24c7530,VERDE_SEGURO,,extraidos_motor_fase7a_pass1_v2_block_29_flash,OFICIAL,PASS1_V2_BLOCO_29_RECONCILIADO,false,false,INDEX_SEM_FLAG_MANUAL_OU_CONSISTENTE,
drive-download-20260403T124026Z-3-001_224929\605051009.pdf,c236a0d7c908ec7e2a0174d54dc88cd565ac328411fce05ed664f9e24a22b1df,VERDE_SEGURO,,extraidos_motor_fase7a_pass1_v2_block_29_flash,OFICIAL,PASS1_V2_BLOCO_29_RECONCILIADO,false,false,INDEX_SEM_FLAG_MANUAL_OU_CONSISTENTE,
drive-download-20260403T124026Z-3-001_224929\605052001.pdf,fa4880ab049db6b30e5d50d824c510f9b88c133b1b2dbf59acf6e59841805c41,VERDE_SEGURO,,extraidos_motor_fase7a_pass1_v2_block_29_flash,OFICIAL,PASS1_V2_BLOCO_29_RECONCILIADO,false,false,INDEX_SEM_FLAG_MANUAL_OU_CONSISTENTE,
drive-download-20260403T124026Z-3-001_224929\605052002.pdf,3888736ceef08a4cd0c58b75d715644b7c6558e726fa94de3de309568693435e,VERDE_SEGURO,,extraidos_motor_fase7a_pass1_v2_block_29_flash,OFICIAL,PASS1_V2_BLOCO_29_RECONCILIADO,false,false,INDEX_SEM_FLAG_MANUAL_OU_CONSISTENTE,
drive-download-20260403T124026Z-3-001_224929\605053002.pdf,7f13b7494933865c78870296ab5816e049fd12be012a1ea86dfa782711ef1ec0,VERDE_SEGURO,,extraidos_motor_fase7a_pass1_v2_block_29_flash,OFICIAL,PASS1_V2_BLOCO_29_RECONCILIADO,false,false,INDEX_SEM_FLAG_MANUAL_OU_CONSISTENTE,
drive-download-20260403T124026Z-3-001_224929\605053003.pdf,99edaa80da8e1bc5dc9368839635a129268e35eea19e4e8469ae4552fe4258e9,VERDE_SEGURO,,extraidos_motor_fase7a_pass1_v2_block_29_flash,OFICIAL,PASS1_V2_BLOCO_29_RECONCILIADO,false,false,INDEX_SEM_FLAG_MANUAL_OU_CONSISTENTE,
drive-download-20260403T124026Z-3-001_224929\605053005.pdf,345f6aca9a4988285740abeb2a8fe9f9640abc3ea168a1f35a9ad81b50305cb6,VERDE_SEGURO,,extraidos_motor_fase7a_pass1_v2_block_30_flash,OFICIAL,PASS1_V2_BLOCO_30_RECONCILIADO,false,false,INDEX_SEM_FLAG_MANUAL_OU_CONSISTENTE,
drive-download-20260403T124026Z-3-001_224929\605054007.pdf,cdd34dda0577b5822a34555226f80e25c6a57669cf76eaa0f23e4b9a000f63e9,VERDE_SEGURO,,extraidos_motor_fase7a_pass1_v2_block_30_flash,OFICIAL,PASS1_V2_BLOCO_30_RECONCILIADO,false,false,INDEX_SEM_FLAG_MANUAL_OU_CONSISTENTE,
drive-download-20260403T124026Z-3-001_224929\605054008.pdf,2de71263e3380e8033558189744e57071b680954a554e28ae5a6dee072d29153,VERDE_SEGURO,,extraidos_motor_fase7a_pass1_v2_block_30_flash,OFICIAL,PASS1_V2_BLOCO_30_RECONCILIADO,false,false,INDEX_SEM_FLAG_MANUAL_OU_CONSISTENTE,
drive-download-20260403T124026Z-3-001_224929\605054009.pdf,61b7f034f50d953360b94dba5db5596d0d6f6e6796dbd6dc046107ccd3d3b8f2,VERDE_SEGURO,,extraidos_motor_fase7a_pass1_v2_block_30_flash,OFICIAL,PASS1_V2_BLOCO_30_RECONCILIADO,false,false,INDEX_SEM_FLAG_MANUAL_OU_CONSISTENTE,
drive-download-20260403T124026Z-3-001_224929\605054010.pdf,2f4da79aaf385b24f028c3b36ac8488e9b3239e91a962e1937048f272456c35e,VERDE_SEGURO,,extraidos_motor_fase7a_pass1_v2_block_30_flash,OFICIAL,PASS1_V2_BLOCO_30_RECONCILIADO,false,false,INDEX_SEM_FLAG_MANUAL_OU_CONSISTENTE,
drive-download-20260403T124026Z-3-001_224929\605057001.pdf,db4c07ad8cb7b66bf3a22d7d3d595cdc3801856eaadfdae8b104b9f2370f49d1,VERDE_SEGURO,,extraidos_motor_fase7a_pass1_v2_block_30_flash,OFICIAL,PASS1_V2_BLOCO_30_RECONCILIADO,false,false,INDEX_SEM_FLAG_MANUAL_OU_CONSISTENTE,
drive-download-20260403T124026Z-3-001_224929\605057002.pdf,27dec50b43e4c9640e9ac26b72fa68df55d895a9f944537c5063c8f015b9bead,VERDE_SEGURO,,extraidos_motor_fase7a_pass1_v2_block_30_flash,OFICIAL,PASS1_V2_BLOCO_30_RECONCILIADO,false,false,INDEX_SEM_FLAG_MANUAL_OU_CONSISTENTE,
drive-download-20260403T124026Z-3-001_224929\605057003.pdf,20a1496e8def77b113e40190e22c6cafc7b995e3457d255f5b5cd5e615e34340,VERDE_SEGURO,,extraidos_motor_fase7a_pass1_v2_block_30_flash,OFICIAL,PASS1_V2_BLOCO_30_RECONCILIADO,false,false,INDEX_SEM_FLAG_MANUAL_OU_CONSISTENTE,
drive-download-20260403T124026Z-3-001_224929\605057004.pdf,1a9bb1cd5640349cd2314cba7a077cb180a479268479a917e449382e4057143d,VERDE_SEGURO,,extraidos_motor_fase7a_pass1_v2_block_30_flash,OFICIAL,PASS1_V2_BLOCO_30_RECONCILIADO,false,false,INDEX_SEM_FLAG_MANUAL_OU_CONSISTENTE,
drive-download-20260403T124026Z-3-001_224929\605057005.pdf,0868d441204244d470c33d01d4e369631e20cbd3a731a1fe461030fc441659e2,VERDE_SEGURO,,extraidos_motor_fase7a_pass1_v2_block_30_flash,OFICIAL,PASS1_V2_BLOCO_30_RECONCILIADO,false,false,INDEX_SEM_FLAG_MANUAL_OU_CONSISTENTE,
drive-download-20260403T124026Z-3-001_224929\605057007.pdf,fbcc61da878f6162bc8d4a4a0135806c26ecf8c45f3bf459e8a8328e4f793b68,VERDE_SEGURO,,extraidos_motor_fase7a_pass1_v2_block_30_flash,OFICIAL,PASS1_V2_BLOCO_30_RECONCILIADO,false,false,INDEX_SEM_FLAG_MANUAL_OU_CONSISTENTE,
drive-download-20260403T124026Z-3-001_224929\605057008.pdf,ae60ffe5cb1f9be6de02a7a2c68333693978e46d09cf96742575f9e3c63e8c5b,VERDE_SEGURO,,extraidos_motor_fase7a_pass1_v2_block_30_flash,OFICIAL,PASS1_V2_BLOCO_30_RECONCILIADO,false,false,INDEX_SEM_FLAG_MANUAL_OU_CONSISTENTE,
drive-download-20260403T124026Z-3-001_224929\605057009.pdf,706c325f50ab3e0c4fdd1417d539ee97b3cea0663169dc3b5f65625e32b87038,VERDE_SEGURO,,extraidos_motor_fase7a_pass1_v2_block_30_flash,OFICIAL,PASS1_V2_BLOCO_30_RECONCILIADO,false,false,INDEX_SEM_FLAG_MANUAL_OU_CONSISTENTE,
drive-download-20260403T124026Z-3-001_224929\605058001.pdf,38c78214296d2913459f8acb8ecff76a1601ed581fa253f4cccd6289abd999de,VERDE_SEGURO,,extraidos_motor_fase7a_pass1_v2_block_30_flash,OFICIAL,PASS1_V2_BLOCO_30_RECONCILIADO,false,false,INDEX_SEM_FLAG_MANUAL_OU_CONSISTENTE,
drive-download-20260403T124026Z-3-001_224929\605058002.pdf,2546aff4a0bde12809c5e39a331573da7904e0454d170af5fdf5ded86b87b9bc,VERDE_SEGURO,,extraidos_motor_fase7a_pass1_v2_block_31_flash,OFICIAL,PASS1_V2_BLOCO_31_RECONCILIADO,false,false,INDEX_SEM_FLAG_MANUAL_OU_CONSISTENTE,
drive-download-20260403T124026Z-3-001_224929\605058003.pdf,7be50fa28ac42268f2a16fb219c7af8f61e2c2f27130976b1c51dfb3b6f21a5a,VERDE_SEGURO,,extraidos_motor_fase7a_pass1_v2_block_31_flash,OFICIAL,PASS1_V2_BLOCO_31_RECONCILIADO,false,false,INDEX_SEM_FLAG_MANUAL_OU_CONSISTENTE,
drive-download-20260403T124026Z-3-001_224929\605058005.pdf,634debfe1797d1c7afa556cfdc5fef63a5238deed3da7c8cee3e137bc18ab455,VERDE_SEGURO,,extraidos_motor_fase7a_pass1_v2_block_31_flash,OFICIAL,PASS1_V2_BLOCO_31_RECONCILIADO,false,false,INDEX_SEM_FLAG_MANUAL_OU_CONSISTENTE,
drive-download-20260403T124026Z-3-001_224929\605058007.pdf,e254238261e88ed704fb222e1411a22ea8bacfabcadd8b0b5644219b7214a5ef,VERDE_SEGURO,,extraidos_motor_fase7a_pass1_v2_block_31_flash,OFICIAL,PASS1_V2_BLOCO_31_RECONCILIADO,false,false,INDEX_SEM_FLAG_MANUAL_OU_CONSISTENTE,
drive-download-20260403T124026Z-3-001_224929\605058008.pdf,aa81c3738b6fcd64760b1c8e684a84fd987eb73bd3ec73a5b57d415569f1b47b,VERDE_SEGURO,,extraidos_motor_fase7a_pass1_v2_block_31_flash,OFICIAL,PASS1_V2_BLOCO_31_RECONCILIADO,false,false,INDEX_SEM_FLAG_MANUAL_OU_CONSISTENTE,
drive-download-20260403T124026Z-3-001_224929\605058009.pdf,795b1bc1dbb30956db8921eba04a1dd1e3b863661c59ddb638d9987f4ec12259,VERDE_SEGURO,,extraidos_motor_fase7a_pass1_v2_block_31_flash,OFICIAL,PASS1_V2_BLOCO_31_RECONCILIADO,false,false,INDEX_SEM_FLAG_MANUAL_OU_CONSISTENTE,
drive-download-20260403T124026Z-3-001_224929\605059003.pdf,63da272bf4d32212231b71d0c8bddfc89ba8ae600aeae2702dceee59c91b29e5,VERDE_SEGURO,,extraidos_motor_fase7a_pass1_v2_block_31_flash,OFICIAL,PASS1_V2_BLOCO_31_RECONCILIADO,false,false,INDEX_SEM_FLAG_MANUAL_OU_CONSISTENTE,
drive-download-20260403T124026Z-3-001_224929\605059006.pdf,d051fa69653b33134f2f76b1411269680e04054f03615d671d4f6420840ff6b7,VERDE_SEGURO,,extraidos_motor_fase7a_pass1_v2_block_31_flash,OFICIAL,PASS1_V2_BLOCO_31_RECONCILIADO,false,false,INDEX_SEM_FLAG_MANUAL_OU_CONSISTENTE,
drive-download-20260403T124026Z-3-001_224929\605059007.pdf,962b6ceebca70f208ce3c6bb5d397e99e1a2d4ee1a3aadc9f312735cf6867f55,VERDE_SEGURO,,extraidos_motor_fase7a_pass1_v2_block_31_flash,OFICIAL,PASS1_V2_BLOCO_31_RECONCILIADO,false,false,INDEX_SEM_FLAG_MANUAL_OU_CONSISTENTE,
drive-download-20260403T124026Z-3-001_224929\605059008.pdf,f5526e3afd40f7ff94e25f61735e1ed8d0d6e7f84c9f649430f99a36acd7b761,VERDE_SEGURO,,extraidos_motor_fase7a_pass1_v2_block_31_flash,OFICIAL,PASS1_V2_BLOCO_31_RECONCILIADO,false,false,INDEX_SEM_FLAG_MANUAL_OU_CONSISTENTE,
drive-download-20260403T124026Z-3-001_224929\605059009.pdf,610ee8902938cd19b1fd1b7dcc42d77cdf8ef40c982eb77b13b07037a7498291,VERDE_SEGURO,,extraidos_motor_fase7a_pass1_v2_block_31_flash,OFICIAL,PASS1_V2_BLOCO_31_RECONCILIADO,false,false,INDEX_SEM_FLAG_MANUAL_OU_CONSISTENTE,
drive-download-20260403T124026Z-3-001_224929\605059010.pdf,a04c0c8cfbc0af007b89d1f992d34ace287e254fde699ff2c7b66200af37f2a4,VERDE_SEGURO,,extraidos_motor_fase7a_pass1_v2_block_31_flash,OFICIAL,PASS1_V2_BLOCO_31_RECONCILIADO,false,false,INDEX_SEM_FLAG_MANUAL_OU_CONSISTENTE,
drive-download-20260403T124026Z-3-001_224929\605060006.pdf,e192b6d2e166e1e230789029771d1f854b81195e51c708e4c7aede51e7c41ae8,VERDE_SEGURO,,extraidos_motor_fase7a_pass1_v2_block_32_flash,OFICIAL,PASS1_V2_BLOCO_32_RECONCILIADO,false,false,INDEX_SEM_FLAG_MANUAL_OU_CONSISTENTE,
drive-download-20260403T124026Z-3-001_224929\605060007.pdf,cc4ceb20d8d57f1a0e18f464462b4570909a82cf8ffdfde6ce2458d25f2e4222,VERDE_SEGURO,,extraidos_motor_fase7a_pass1_v2_block_32_flash,OFICIAL,PASS1_V2_BLOCO_32_RECONCILIADO,false,false,INDEX_SEM_FLAG_MANUAL_OU_CONSISTENTE,
drive-download-20260403T124026Z-3-001_224929\605060008.pdf,46cfe83e52cb48b669a85cbbd875aae2049a5ab0b6dc1d03076e2eac530a6467,VERDE_SEGURO,,extraidos_motor_fase7a_pass1_v2_block_32_flash,OFICIAL,PASS1_V2_BLOCO_32_RECONCILIADO,false,false,INDEX_SEM_FLAG_MANUAL_OU_CONSISTENTE,
drive-download-20260403T124026Z-3-001_224929\605060009.pdf,16c79bc5a84daeacf6e4cafbfa0b5a1a4e5792d10fd53187492fc065a6120dc1,VERDE_SEGURO,,extraidos_motor_fase7a_pass1_v2_block_32_flash,OFICIAL,PASS1_V2_BLOCO_32_RECONCILIADO,false,false,INDEX_SEM_FLAG_MANUAL_OU_CONSISTENTE,
drive-download-20260403T124026Z-3-001_224929\605060706.pdf,9ec6b2d6d3647d0e15080a22f9ea75dc51b27991a5a9e2f338b86f9f2e1d4a81,VERDE_SEGURO,,extraidos_motor_fase7a_pass1_v2_block_32_flash,OFICIAL,PASS1_V2_BLOCO_32_RECONCILIADO,false,false,INDEX_SEM_FLAG_MANUAL_OU_CONSISTENTE,
drive-download-20260403T124026Z-3-001_224929\605060708.pdf,a14257852c5ce0e2fb79985556e9ce7d74e79826a84e300bc5495a6a56341121,VERDE_SEGURO,,extraidos_motor_fase7a_pass1_v2_block_32_flash,OFICIAL,PASS1_V2_BLOCO_32_RECONCILIADO,false,false,INDEX_SEM_FLAG_MANUAL_OU_CONSISTENTE,
drive-download-20260403T124026Z-3-001_224929\605061008.pdf,8ba134c16c6703d2850a233b17871429410a5a5e6d84aac2e75f8732b7b2fa4f,VERDE_SEGURO,,extraidos_motor_fase7a_pass1_v2_block_32_flash,OFICIAL,PASS1_V2_BLOCO_32_RECONCILIADO,false,false,INDEX_SEM_FLAG_MANUAL_OU_CONSISTENTE,
drive-download-20260403T124026Z-3-001_224929\605061009.pdf,995f5d830fe74b911169d578d672435d6dc5074fa80452e1e731149cd9c81319,VERDE_SEGURO,,extraidos_motor_fase7a_pass1_v2_block_32_flash,OFICIAL,PASS1_V2_BLOCO_32_RECONCILIADO,false,false,INDEX_SEM_FLAG_MANUAL_OU_CONSISTENTE,
drive-download-20260403T124026Z-3-001_224929\605061010.pdf,35eb1c42460c7952539cdd0c3181b7e2c71c9859ff25a19bd09e34d81bc8181f,VERDE_SEGURO,,extraidos_motor_fase7a_pass1_v2_block_32_flash,OFICIAL,PASS1_V2_BLOCO_32_RECONCILIADO,false,false,INDEX_SEM_FLAG_MANUAL_OU_CONSISTENTE,
drive-download-20260403T124026Z-3-001_224929\605062006.pdf,c1dd910bea4946d06ef24485d422f68b03f52e0bbf94021c04c5b4576f459a45,VERDE_SEGURO,,extraidos_motor_fase7a_pass1_v2_block_32_flash,OFICIAL,PASS1_V2_BLOCO_32_RECONCILIADO,false,false,INDEX_SEM_FLAG_MANUAL_OU_CONSISTENTE,
drive-download-20260403T124026Z-3-001_224929\605062007.pdf,495ef9dd4cb706893b44218e09c15bc1b2e172fcdef541a955cd754daa24c34c,VERDE_SEGURO,,extraidos_motor_fase7a_pass1_v2_block_32_flash,OFICIAL,PASS1_V2_BLOCO_32_RECONCILIADO,false,false,INDEX_SEM_FLAG_MANUAL_OU_CONSISTENTE,
drive-download-20260403T124026Z-3-001_224929\605062008.pdf,562de835f735fbe7eb4873a5a4183eaec95b3b2caae7c085d97f69109538f7cf,VERDE_SEGURO,,extraidos_motor_fase7a_pass1_v2_block_32_flash,OFICIAL,PASS1_V2_BLOCO_32_RECONCILIADO,false,false,INDEX_SEM_FLAG_MANUAL_OU_CONSISTENTE,
